{
	"credit": "Made with Blockbench",
	"textures": {
		"voxels_atlas": "items/awq1"
	},
	"elements": [
		{
			"name": "Voxels",
			"from": [5.5, 5, 5],
			"to": [7, 5.5, 5.5],
			"faces": {
				"north": {"uv": [4, 10.5, 3.25, 10.75], "texture": "#voxels_atlas"},
				"east": {"uv": [8, 10.25, 7.75, 10.5], "texture": "#voxels_atlas"},
				"south": {"uv": [3.25, 10.75, 4, 11], "texture": "#voxels_atlas"},
				"west": {"uv": [7.75, 10, 8, 10.25], "texture": "#voxels_atlas"},
				"up": {"uv": [1.5, 8.25, 2.25, 8], "texture": "#voxels_atlas"},
				"down": {"uv": [3.25, 12.5, 4, 12.75], "texture": "#voxels_atlas"}
			}
		},
		{
			"name": "Voxels",
			"from": [5.5, 5, 5.5],
			"to": [6.5, 7, 6],
			"faces": {
				"north": {"uv": [0.5, 10.5, 0, 11.5], "texture": "#voxels_atlas"},
				"east": {"uv": [6.25, 12.75, 6, 13.75], "texture": "#voxels_atlas"},
				"south": {"uv": [0, 11.5, 0.5, 12.5], "texture": "#voxels_atlas"},
				"west": {"uv": [5.75, 12.75, 6, 13.75], "texture": "#voxels_atlas"},
				"up": {"uv": [6.75, 10.5, 7.25, 10.25], "texture": "#voxels_atlas"},
				"down": {"uv": [6.75, 10.5, 7.25, 10.75], "texture": "#voxels_atlas"}
			}
		},
		{
			"name": "Voxels",
			"from": [5.5, 5.5, 6],
			"to": [10.5, 6.5, 7],
			"faces": {
				"north": {"uv": [4, 14.5, 1.5, 15], "texture": "#voxels_atlas"},
				"east": {"uv": [6.25, 8.5, 5.75, 9], "texture": "#voxels_atlas"},
				"south": {"uv": [1.5, 14, 4, 14.5], "texture": "#voxels_atlas"},
				"west": {"uv": [4, 8, 4.5, 8.5], "texture": "#voxels_atlas"},
				"up": {"uv": [1.5, 15.5, 4, 15], "texture": "#voxels_atlas"},
				"down": {"uv": [1.5, 15.5, 4, 16], "texture": "#voxels_atlas"}
			}
		},
		{
			"name": "Voxels",
			"from": [5.5, 6, 7.5],
			"to": [6, 8, 8.5],
			"faces": {
				"north": {"uv": [5, 11.25, 4.75, 12.25], "texture": "#voxels_atlas"},
				"east": {"uv": [1.5, 9.5, 1, 10.5], "texture": "#voxels_atlas"},
				"south": {"uv": [5, 11.25, 5.25, 12.25], "texture": "#voxels_atlas"},
				"west": {"uv": [0.5, 9.5, 1, 10.5], "texture": "#voxels_atlas"},
				"up": {"uv": [6.75, 9.75, 7, 9.25], "texture": "#voxels_atlas"},
				"down": {"uv": [7, 12, 7.25, 12.5], "texture": "#voxels_atlas"}
			}
		},
		{
			"name": "Voxels",
			"from": [5.5, 6.5, 6],
			"to": [6.5, 7, 7],
			"faces": {
				"north": {"uv": [7.25, 9, 6.75, 9.25], "texture": "#voxels_atlas"},
				"east": {"uv": [7.25, 8.25, 6.75, 8.5], "texture": "#voxels_atlas"},
				"south": {"uv": [6.75, 8.75, 7.25, 9], "texture": "#voxels_atlas"},
				"west": {"uv": [6.75, 8.5, 7.25, 8.75], "texture": "#voxels_atlas"},
				"up": {"uv": [5.75, 12.25, 6.25, 11.75], "texture": "#voxels_atlas"},
				"down": {"uv": [5.25, 11.75, 5.75, 12.25], "texture": "#voxels_atlas"}
			}
		},
		{
			"name": "Voxels",
			"from": [5.5, 7, 6.5],
			"to": [7, 8, 7],
			"faces": {
				"north": {"uv": [1.25, 8, 0.5, 8.5], "texture": "#voxels_atlas"},
				"east": {"uv": [7.5, 15.25, 7.25, 15.75], "texture": "#voxels_atlas"},
				"south": {"uv": [3.25, 13.5, 4, 14], "texture": "#voxels_atlas"},
				"west": {"uv": [7, 9.25, 7.25, 9.75], "texture": "#voxels_atlas"},
				"up": {"uv": [3.25, 12, 4, 11.75], "texture": "#voxels_atlas"},
				"down": {"uv": [3.25, 11.5, 4, 11.75], "texture": "#voxels_atlas"}
			}
		},
		{
			"name": "Voxels",
			"from": [6, 4.5, 4.5],
			"to": [7, 5.5, 5],
			"faces": {
				"north": {"uv": [5.75, 11.25, 5.25, 11.75], "texture": "#voxels_atlas"},
				"east": {"uv": [7.5, 13, 7.25, 13.5], "texture": "#voxels_atlas"},
				"south": {"uv": [5.75, 11.25, 6.25, 11.75], "texture": "#voxels_atlas"},
				"west": {"uv": [7.5, 15.25, 7.75, 15.75], "texture": "#voxels_atlas"},
				"up": {"uv": [7.25, 13.75, 7.75, 13.5], "texture": "#voxels_atlas"},
				"down": {"uv": [7.25, 13.75, 7.75, 14], "texture": "#voxels_atlas"}
			}
		},
		{
			"name": "Voxels",
			"from": [6, 4.5, 5],
			"to": [6.5, 5, 5.5],
			"faces": {
				"north": {"uv": [6.25, 14.25, 6, 14.5], "texture": "#voxels_atlas"},
				"east": {"uv": [8.25, 9.5, 8, 9.75], "texture": "#voxels_atlas"},
				"south": {"uv": [3.75, 8, 4, 8.25], "texture": "#voxels_atlas"},
				"west": {"uv": [8, 9.25, 8.25, 9.5], "texture": "#voxels_atlas"},
				"up": {"uv": [5.25, 12.75, 5.5, 12.5], "texture": "#voxels_atlas"},
				"down": {"uv": [5.5, 12.5, 5.75, 12.75], "texture": "#voxels_atlas"}
			}
		},
		{
			"name": "Voxels",
			"from": [6, 5, 6],
			"to": [6.5, 5.5, 7],
			"faces": {
				"north": {"uv": [8.25, 9.75, 8, 10], "texture": "#voxels_atlas"},
				"east": {"uv": [7.75, 11, 7.25, 11.25], "texture": "#voxels_atlas"},
				"south": {"uv": [8, 10, 8.25, 10.25], "texture": "#voxels_atlas"},
				"west": {"uv": [7.25, 11.25, 7.75, 11.5], "texture": "#voxels_atlas"},
				"up": {"uv": [7.25, 12, 7.5, 11.5], "texture": "#voxels_atlas"},
				"down": {"uv": [7.5, 12.5, 7.75, 13], "texture": "#voxels_atlas"}
			}
		},
		{
			"name": "Voxels",
			"from": [6, 5.5, 5],
			"to": [7, 7.5, 5.5],
			"faces": {
				"north": {"uv": [1.5, 10.5, 1, 11.5], "texture": "#voxels_atlas"},
				"east": {"uv": [5.25, 10.25, 5, 11.25], "texture": "#voxels_atlas"},
				"south": {"uv": [0, 9.5, 0.5, 10.5], "texture": "#voxels_atlas"},
				"west": {"uv": [4.75, 10.25, 5, 11.25], "texture": "#voxels_atlas"},
				"up": {"uv": [7.25, 10.75, 7.75, 10.5], "texture": "#voxels_atlas"},
				"down": {"uv": [7.25, 10.75, 7.75, 11], "texture": "#voxels_atlas"}
			}
		},
		{
			"name": "Voxels",
			"from": [6, 5.5, 7],
			"to": [6.5, 7.5, 7.5],
			"faces": {
				"north": {"uv": [5.5, 10.25, 5.25, 11.25], "texture": "#voxels_atlas"},
				"east": {"uv": [6.25, 10.25, 6, 11.25], "texture": "#voxels_atlas"},
				"south": {"uv": [5.5, 10.25, 5.75, 11.25], "texture": "#voxels_atlas"},
				"west": {"uv": [5.75, 10.25, 6, 11.25], "texture": "#voxels_atlas"},
				"up": {"uv": [8, 11.25, 8.25, 11], "texture": "#voxels_atlas"},
				"down": {"uv": [8, 10.75, 8.25, 11], "texture": "#voxels_atlas"}
			}
		},
		{
			"name": "Voxels",
			"from": [6, 7, 5.5],
			"to": [7, 7.5, 6.5],
			"faces": {
				"north": {"uv": [7.75, 9.25, 7.25, 9.5], "texture": "#voxels_atlas"},
				"east": {"uv": [9, 15.75, 8.5, 16], "texture": "#voxels_atlas"},
				"south": {"uv": [7.25, 9, 7.75, 9.25], "texture": "#voxels_atlas"},
				"west": {"uv": [8, 15.75, 8.5, 16], "texture": "#voxels_atlas"},
				"up": {"uv": [5.25, 10, 5.75, 9.5], "texture": "#voxels_atlas"},
				"down": {"uv": [4.75, 9.5, 5.25, 10], "texture": "#voxels_atlas"}
			}
		},
		{
			"name": "Voxels",
			"from": [6, 7.5, 7.5],
			"to": [6.5, 8.5, 8.5],
			"faces": {
				"north": {"uv": [1.5, 9, 1.25, 9.5], "texture": "#voxels_atlas"},
				"east": {"uv": [4.5, 8.5, 4, 9], "texture": "#voxels_atlas"},
				"south": {"uv": [1.25, 8.5, 1.5, 9], "texture": "#voxels_atlas"},
				"west": {"uv": [0, 8, 0.5, 8.5], "texture": "#voxels_atlas"},
				"up": {"uv": [7.75, 15, 8, 14.5], "texture": "#voxels_atlas"},
				"down": {"uv": [7.75, 15, 8, 15.5], "texture": "#voxels_atlas"}
			}
		},
		{
			"name": "Voxels",
			"from": [6, 8, 6.5],
			"to": [7, 8.5, 7],
			"faces": {
				"north": {"uv": [5.75, 8, 5.25, 8.25], "texture": "#voxels_atlas"},
				"east": {"uv": [8.25, 12, 8, 12.25], "texture": "#voxels_atlas"},
				"south": {"uv": [5.75, 8, 6.25, 8.25], "texture": "#voxels_atlas"},
				"west": {"uv": [8, 11.75, 8.25, 12], "texture": "#voxels_atlas"},
				"up": {"uv": [5.75, 10.25, 6.25, 10], "texture": "#voxels_atlas"},
				"down": {"uv": [5.75, 12.5, 6.25, 12.75], "texture": "#voxels_atlas"}
			}
		},
		{
			"name": "Voxels",
			"from": [6.5, 4.5, 4],
			"to": [9.5, 5, 4.5],
			"faces": {
				"north": {"uv": [3.75, 8.75, 2.25, 9], "texture": "#voxels_atlas"},
				"east": {"uv": [8.25, 12.5, 8, 12.75], "texture": "#voxels_atlas"},
				"south": {"uv": [2.25, 9, 3.75, 9.25], "texture": "#voxels_atlas"},
				"west": {"uv": [8, 12.25, 8.25, 12.5], "texture": "#voxels_atlas"},
				"up": {"uv": [2.25, 8.75, 3.75, 8.5], "texture": "#voxels_atlas"},
				"down": {"uv": [2.25, 8.25, 3.75, 8.5], "texture": "#voxels_atlas"}
			}
		},
		{
			"name": "Voxels",
			"from": [6.5, 5.5, 4.5],
			"to": [9.5, 7.5, 5],
			"faces": {
				"north": {"uv": [1.5, 14, 0, 15], "texture": "#voxels_atlas"},
				"east": {"uv": [5.75, 12.75, 5.5, 13.75], "texture": "#voxels_atlas"},
				"south": {"uv": [0, 15, 1.5, 16], "texture": "#voxels_atlas"},
				"west": {"uv": [5.25, 12.75, 5.5, 13.75], "texture": "#voxels_atlas"},
				"up": {"uv": [1.5, 10.5, 3, 10.25], "texture": "#voxels_atlas"},
				"down": {"uv": [1.5, 10, 3, 10.25], "texture": "#voxels_atlas"}
			}
		},
		{
			"name": "Voxels",
			"from": [6.5, 7, 7],
			"to": [7, 8, 7.5],
			"faces": {
				"north": {"uv": [1.5, 8, 1.25, 8.5], "texture": "#voxels_atlas"},
				"east": {"uv": [5, 8, 4.75, 8.5], "texture": "#voxels_atlas"},
				"south": {"uv": [4.5, 8.5, 4.75, 9], "texture": "#voxels_atlas"},
				"west": {"uv": [4.5, 8, 4.75, 8.5], "texture": "#voxels_atlas"},
				"up": {"uv": [8, 13.25, 8.25, 13], "texture": "#voxels_atlas"},
				"down": {"uv": [8, 12.75, 8.25, 13], "texture": "#voxels_atlas"}
			}
		},
		{
			"name": "Voxels",
			"from": [6.5, 7.5, 5],
			"to": [9.5, 8, 6.5],
			"faces": {
				"north": {"uv": [3.75, 8, 2.25, 8.25], "texture": "#voxels_atlas"},
				"east": {"uv": [6, 8.25, 5.25, 8.5], "texture": "#voxels_atlas"},
				"south": {"uv": [4.75, 15.75, 6.25, 16], "texture": "#voxels_atlas"},
				"west": {"uv": [3.25, 12.75, 4, 13], "texture": "#voxels_atlas"},
				"up": {"uv": [0, 14, 1.5, 13.25], "texture": "#voxels_atlas"},
				"down": {"uv": [0, 12.5, 1.5, 13.25], "texture": "#voxels_atlas"}
			}
		},
		{
			"name": "Voxels",
			"from": [6.5, 8, 6],
			"to": [9.5, 8.5, 6.5],
			"faces": {
				"north": {"uv": [6.25, 15, 4.75, 15.25], "texture": "#voxels_atlas"},
				"east": {"uv": [14.75, 15.75, 14.5, 16], "texture": "#voxels_atlas"},
				"south": {"uv": [4.75, 14.75, 6.25, 15], "texture": "#voxels_atlas"},
				"west": {"uv": [14.75, 15.75, 15, 16], "texture": "#voxels_atlas"},
				"up": {"uv": [4.75, 15.5, 6.25, 15.25], "texture": "#voxels_atlas"},
				"down": {"uv": [4.75, 15.5, 6.25, 15.75], "texture": "#voxels_atlas"}
			}
		},
		{
			"name": "Voxels",
			"from": [6.5, 8, 7.5],
			"to": [10, 8.5, 8.5],
			"faces": {
				"north": {"uv": [3.25, 12.75, 1.5, 13], "texture": "#voxels_atlas"},
				"east": {"uv": [7.25, 15.5, 6.75, 15.75], "texture": "#voxels_atlas"},
				"south": {"uv": [1.5, 12.5, 3.25, 12.75], "texture": "#voxels_atlas"},
				"west": {"uv": [6.75, 15.75, 7.25, 16], "texture": "#voxels_atlas"},
				"up": {"uv": [1.5, 14, 3.25, 13.5], "texture": "#voxels_atlas"},
				"down": {"uv": [1.5, 13, 3.25, 13.5], "texture": "#voxels_atlas"}
			}
		},
		{
			"name": "Voxels",
			"from": [7, 5, 4.5],
			"to": [10.5, 5.5, 5],
			"faces": {
				"north": {"uv": [3.25, 10.5, 1.5, 10.75], "texture": "#voxels_atlas"},
				"east": {"uv": [12, 15.75, 11.75, 16], "texture": "#voxels_atlas"},
				"south": {"uv": [1.5, 11.75, 3.25, 12], "texture": "#voxels_atlas"},
				"west": {"uv": [14, 15.75, 14.25, 16], "texture": "#voxels_atlas"},
				"up": {"uv": [1.5, 11, 3.25, 10.75], "texture": "#voxels_atlas"},
				"down": {"uv": [1.5, 11, 3.25, 11.25], "texture": "#voxels_atlas"}
			}
		},
		{
			"name": "Voxels",
			"from": [7, 5.5, -0.5],
			"to": [7.5, 6.5, 0],
			"faces": {
				"north": {"uv": [5.25, 8, 5, 8.5], "texture": "#voxels_atlas"},
				"east": {"uv": [7, 15, 6.75, 15.5], "texture": "#voxels_atlas"},
				"south": {"uv": [6.25, 8, 6.5, 8.5], "texture": "#voxels_atlas"},
				"west": {"uv": [6.5, 8, 6.75, 8.5], "texture": "#voxels_atlas"},
				"up": {"uv": [10.75, 16, 11, 15.75], "texture": "#voxels_atlas"},
				"down": {"uv": [11, 15.75, 11.25, 16], "texture": "#voxels_atlas"}
			}
		},
		{
			"name": "Voxels",
			"from": [7, 5.5, 4],
			"to": [7.5, 8, 4.5],
			"faces": {
				"north": {"uv": [4.5, 9, 4.25, 10.25], "texture": "#voxels_atlas"},
				"east": {"uv": [4.25, 9, 4, 10.25], "texture": "#voxels_atlas"},
				"south": {"uv": [4.5, 10.25, 4.75, 11.5], "texture": "#voxels_atlas"},
				"west": {"uv": [5, 12.5, 5.25, 13.75], "texture": "#voxels_atlas"},
				"up": {"uv": [10.25, 16, 10.5, 15.75], "texture": "#voxels_atlas"},
				"down": {"uv": [10.5, 15.75, 10.75, 16], "texture": "#voxels_atlas"}
			}
		},
		{
			"name": "Voxels",
			"from": [7, 6, 0],
			"to": [7.5, 7, 1.5],
			"faces": {
				"north": {"uv": [7.25, 15, 7, 15.5], "texture": "#voxels_atlas"},
				"east": {"uv": [4.75, 15.5, 4, 16], "texture": "#voxels_atlas"},
				"south": {"uv": [6.75, 14.5, 7, 15], "texture": "#voxels_atlas"},
				"west": {"uv": [4, 15, 4.75, 15.5], "texture": "#voxels_atlas"},
				"up": {"uv": [6.25, 14.5, 6.5, 13.75], "texture": "#voxels_atlas"},
				"down": {"uv": [6.25, 10.75, 6.5, 11.5], "texture": "#voxels_atlas"}
			}
		},
		{
			"name": "Voxels",
			"from": [7, 6, 3],
			"to": [7.5, 7.5, 3.5],
			"faces": {
				"north": {"uv": [6.75, 10.75, 6.5, 11.5], "texture": "#voxels_atlas"},
				"east": {"uv": [6.5, 8.5, 6.25, 9.25], "texture": "#voxels_atlas"},
				"south": {"uv": [6.5, 8.5, 6.75, 9.25], "texture": "#voxels_atlas"},
				"west": {"uv": [6.25, 9.25, 6.5, 10], "texture": "#voxels_atlas"},
				"up": {"uv": [9.25, 16, 9.5, 15.75], "texture": "#voxels_atlas"},
				"down": {"uv": [9.5, 15.75, 9.75, 16], "texture": "#voxels_atlas"}
			}
		},
		{
			"name": "Voxels",
			"from": [7, 6, 3.5],
			"to": [7.5, 6.5, 4],
			"faces": {
				"north": {"uv": [8, 8.75, 7.75, 9], "texture": "#voxels_atlas"},
				"east": {"uv": [8, 11, 7.75, 11.25], "texture": "#voxels_atlas"},
				"south": {"uv": [7.75, 9.5, 8, 9.75], "texture": "#voxels_atlas"},
				"west": {"uv": [7.75, 9.75, 8, 10], "texture": "#voxels_atlas"},
				"up": {"uv": [7.75, 8.25, 8, 8], "texture": "#voxels_atlas"},
				"down": {"uv": [9, 15.75, 9.25, 16], "texture": "#voxels_atlas"}
			}
		},
		{
			"name": "Voxels",
			"from": [7, 6.5, 1.5],
			"to": [7.5, 7.5, 3],
			"faces": {
				"north": {"uv": [7.25, 14.5, 7, 15], "texture": "#voxels_atlas"},
				"east": {"uv": [4.75, 14.5, 4, 15], "texture": "#voxels_atlas"},
				"south": {"uv": [6.75, 14, 7, 14.5], "texture": "#voxels_atlas"},
				"west": {"uv": [0.5, 9, 1.25, 9.5], "texture": "#voxels_atlas"},
				"up": {"uv": [6.5, 12.25, 6.75, 11.5], "texture": "#voxels_atlas"},
				"down": {"uv": [4.5, 12.25, 4.75, 13], "texture": "#voxels_atlas"}
			}
		},
		{
			"name": "Voxels",
			"from": [7, 7, 1],
			"to": [7.5, 7.5, 1.5],
			"faces": {
				"north": {"uv": [8.25, 14.75, 8, 15], "texture": "#voxels_atlas"},
				"east": {"uv": [8.25, 11.25, 8, 11.5], "texture": "#voxels_atlas"},
				"south": {"uv": [8, 13.75, 8.25, 14], "texture": "#voxels_atlas"},
				"west": {"uv": [8, 11.5, 8.25, 11.75], "texture": "#voxels_atlas"},
				"up": {"uv": [8, 15.25, 8.25, 15], "texture": "#voxels_atlas"},
				"down": {"uv": [8, 14, 8.25, 14.25], "texture": "#voxels_atlas"}
			}
		},
		{
			"name": "Voxels",
			"from": [7, 7, 3.5],
			"to": [7.5, 7.5, 4],
			"faces": {
				"north": {"uv": [8, 12.5, 7.75, 12.75], "texture": "#voxels_atlas"},
				"east": {"uv": [8, 11.25, 7.75, 11.5], "texture": "#voxels_atlas"},
				"south": {"uv": [7.75, 11.75, 8, 12], "texture": "#voxels_atlas"},
				"west": {"uv": [7.75, 11.5, 8, 11.75], "texture": "#voxels_atlas"},
				"up": {"uv": [6, 14, 6.25, 13.75], "texture": "#voxels_atlas"},
				"down": {"uv": [6, 14, 6.25, 14.25], "texture": "#voxels_atlas"}
			}
		},
		{
			"name": "Voxels",
			"from": [7, 7, 5],
			"to": [10, 7.5, 5.5],
			"faces": {
				"north": {"uv": [6.25, 14.5, 4.75, 14.75], "texture": "#voxels_atlas"},
				"east": {"uv": [8, 8.25, 7.75, 8.5], "texture": "#voxels_atlas"},
				"south": {"uv": [1.5, 9.75, 3, 10], "texture": "#voxels_atlas"},
				"west": {"uv": [7.75, 8.5, 8, 8.75], "texture": "#voxels_atlas"},
				"up": {"uv": [1.5, 9.75, 3, 9.5], "texture": "#voxels_atlas"},
				"down": {"uv": [1.5, 9.25, 3, 9.5], "texture": "#voxels_atlas"}
			}
		},
		{
			"name": "Voxels",
			"from": [7, 7.5, 4.5],
			"to": [9, 8, 5],
			"faces": {
				"north": {"uv": [4, 10, 3, 10.25], "texture": "#voxels_atlas"},
				"east": {"uv": [10.25, 15.75, 10, 16], "texture": "#voxels_atlas"},
				"south": {"uv": [3, 10.25, 4, 10.5], "texture": "#voxels_atlas"},
				"west": {"uv": [9.75, 15.75, 10, 16], "texture": "#voxels_atlas"},
				"up": {"uv": [3, 10, 4, 9.75], "texture": "#voxels_atlas"},
				"down": {"uv": [3, 9.5, 4, 9.75], "texture": "#voxels_atlas"}
			}
		},
		{
			"name": "Voxels",
			"from": [7, 7.5, 6.5],
			"to": [10.5, 8, 7],
			"faces": {
				"north": {"uv": [3.25, 11.25, 1.5, 11.5], "texture": "#voxels_atlas"},
				"east": {"uv": [11.75, 15.75, 11.5, 16], "texture": "#voxels_atlas"},
				"south": {"uv": [1.5, 12.25, 3.25, 12.5], "texture": "#voxels_atlas"},
				"west": {"uv": [11.25, 15.75, 11.5, 16], "texture": "#voxels_atlas"},
				"up": {"uv": [1.5, 11.75, 3.25, 11.5], "texture": "#voxels_atlas"},
				"down": {"uv": [1.5, 12, 3.25, 12.25], "texture": "#voxels_atlas"}
			}
		},
		{
			"name": "Voxels",
			"from": [7, 7.5, 7],
			"to": [9.5, 8, 7.5],
			"faces": {
				"north": {"uv": [6, 12.25, 4.75, 12.5], "texture": "#voxels_atlas"},
				"east": {"uv": [15.5, 15.75, 15.25, 16], "texture": "#voxels_atlas"},
				"south": {"uv": [4.75, 14.25, 6, 14.5], "texture": "#voxels_atlas"},
				"west": {"uv": [15, 15.75, 15.25, 16], "texture": "#voxels_atlas"},
				"up": {"uv": [4.75, 14, 6, 13.75], "texture": "#voxels_atlas"},
				"down": {"uv": [4.75, 14, 6, 14.25], "texture": "#voxels_atlas"}
			}
		},
		{
			"name": "Voxels",
			"from": [8.5, 5.5, -0.5],
			"to": [9, 6.5, 0],
			"faces": {
				"north": {"uv": [7, 13.5, 6.75, 14], "texture": "#voxels_atlas"},
				"east": {"uv": [7, 13, 6.75, 13.5], "texture": "#voxels_atlas"},
				"south": {"uv": [7, 13.5, 7.25, 14], "texture": "#voxels_atlas"},
				"west": {"uv": [7, 14, 7.25, 14.5], "texture": "#voxels_atlas"},
				"up": {"uv": [15.75, 16, 16, 15.75], "texture": "#voxels_atlas"},
				"down": {"uv": [15.5, 15.75, 15.75, 16], "texture": "#voxels_atlas"}
			}
		},
		{
			"name": "Voxels",
			"from": [8.5, 5.5, 4],
			"to": [9, 8, 4.5],
			"faces": {
				"north": {"uv": [5, 12.5, 4.75, 13.75], "texture": "#voxels_atlas"},
				"east": {"uv": [4.5, 10.25, 4.25, 11.5], "texture": "#voxels_atlas"},
				"south": {"uv": [4.5, 9, 4.75, 10.25], "texture": "#voxels_atlas"},
				"west": {"uv": [4, 10.25, 4.25, 11.5], "texture": "#voxels_atlas"},
				"up": {"uv": [8, 13.5, 8.25, 13.25], "texture": "#voxels_atlas"},
				"down": {"uv": [8, 13.5, 8.25, 13.75], "texture": "#voxels_atlas"}
			}
		},
		{
			"name": "Voxels",
			"from": [8.5, 6, 0],
			"to": [9, 7, 1.5],
			"faces": {
				"north": {"uv": [7.25, 13, 7, 13.5], "texture": "#voxels_atlas"},
				"east": {"uv": [1.25, 8.5, 0.5, 9], "texture": "#voxels_atlas"},
				"south": {"uv": [6.75, 12.5, 7, 13], "texture": "#voxels_atlas"},
				"west": {"uv": [3.25, 13, 4, 13.5], "texture": "#voxels_atlas"},
				"up": {"uv": [4.5, 14.5, 4.75, 13.75], "texture": "#voxels_atlas"},
				"down": {"uv": [4.5, 13, 4.75, 13.75], "texture": "#voxels_atlas"}
			}
		},
		{
			"name": "Voxels",
			"from": [8.5, 6, 3],
			"to": [9, 7.5, 3.5],
			"faces": {
				"north": {"uv": [6.5, 10, 6.25, 10.75], "texture": "#voxels_atlas"},
				"east": {"uv": [6.5, 15.25, 6.25, 16], "texture": "#voxels_atlas"},
				"south": {"uv": [6.5, 15.25, 6.75, 16], "texture": "#voxels_atlas"},
				"west": {"uv": [4.5, 11.5, 4.75, 12.25], "texture": "#voxels_atlas"},
				"up": {"uv": [8, 10.5, 8.25, 10.25], "texture": "#voxels_atlas"},
				"down": {"uv": [8, 10.5, 8.25, 10.75], "texture": "#voxels_atlas"}
			}
		},
		{
			"name": "Voxels",
			"from": [8.5, 6, 3.5],
			"to": [9, 6.5, 4],
			"faces": {
				"north": {"uv": [4, 9, 3.75, 9.25], "texture": "#voxels_atlas"},
				"east": {"uv": [4, 8.25, 3.75, 8.5], "texture": "#voxels_atlas"},
				"south": {"uv": [3.75, 8.75, 4, 9], "texture": "#voxels_atlas"},
				"west": {"uv": [3.75, 8.5, 4, 8.75], "texture": "#voxels_atlas"},
				"up": {"uv": [8, 9, 8.25, 8.75], "texture": "#voxels_atlas"},
				"down": {"uv": [8, 9, 8.25, 9.25], "texture": "#voxels_atlas"}
			}
		},
		{
			"name": "Voxels",
			"from": [8.5, 6.5, 1.5],
			"to": [9, 7.5, 3],
			"faces": {
				"north": {"uv": [7.25, 12.5, 7, 13], "texture": "#voxels_atlas"},
				"east": {"uv": [2.25, 8.75, 1.5, 9.25], "texture": "#voxels_atlas"},
				"south": {"uv": [6.75, 12, 7, 12.5], "texture": "#voxels_atlas"},
				"west": {"uv": [1.5, 8.25, 2.25, 8.75], "texture": "#voxels_atlas"},
				"up": {"uv": [6.25, 13.75, 6.5, 13], "texture": "#voxels_atlas"},
				"down": {"uv": [6.25, 14.5, 6.5, 15.25], "texture": "#voxels_atlas"}
			}
		},
		{
			"name": "Voxels",
			"from": [8.5, 7, 1],
			"to": [9, 7.5, 1.5],
			"faces": {
				"north": {"uv": [8, 14.25, 7.75, 14.5], "texture": "#voxels_atlas"},
				"east": {"uv": [8, 13.5, 7.75, 13.75], "texture": "#voxels_atlas"},
				"south": {"uv": [7.75, 14, 8, 14.25], "texture": "#voxels_atlas"},
				"west": {"uv": [7.75, 13.75, 8, 14], "texture": "#voxels_atlas"},
				"up": {"uv": [6, 8.5, 6.25, 8.25], "texture": "#voxels_atlas"},
				"down": {"uv": [6, 12.25, 6.25, 12.5], "texture": "#voxels_atlas"}
			}
		},
		{
			"name": "Voxels",
			"from": [8.5, 7, 3.5],
			"to": [9, 7.5, 4],
			"faces": {
				"north": {"uv": [8, 12.75, 7.75, 13], "texture": "#voxels_atlas"},
				"east": {"uv": [8, 12, 7.75, 12.25], "texture": "#voxels_atlas"},
				"south": {"uv": [14.25, 15.75, 14.5, 16], "texture": "#voxels_atlas"},
				"west": {"uv": [7.75, 12.25, 8, 12.5], "texture": "#voxels_atlas"},
				"up": {"uv": [7.75, 13.25, 8, 13], "texture": "#voxels_atlas"},
				"down": {"uv": [7.75, 13.25, 8, 13.5], "texture": "#voxels_atlas"}
			}
		},
		{
			"name": "Voxels",
			"from": [9, 4.5, 4.5],
			"to": [10, 5, 5],
			"faces": {
				"north": {"uv": [7.25, 11, 6.75, 11.25], "texture": "#voxels_atlas"},
				"east": {"uv": [8, 10.5, 7.75, 10.75], "texture": "#voxels_atlas"},
				"south": {"uv": [6.75, 10.75, 7.25, 11], "texture": "#voxels_atlas"},
				"west": {"uv": [7.75, 10.75, 8, 11], "texture": "#voxels_atlas"},
				"up": {"uv": [6.75, 11.5, 7.25, 11.25], "texture": "#voxels_atlas"},
				"down": {"uv": [6.75, 11.5, 7.25, 11.75], "texture": "#voxels_atlas"}
			}
		},
		{
			"name": "Voxels",
			"from": [9, 5, 5],
			"to": [10.5, 5.5, 5.5],
			"faces": {
				"north": {"uv": [4, 12.25, 3.25, 12.5], "texture": "#voxels_atlas"},
				"east": {"uv": [8, 9, 7.75, 9.25], "texture": "#voxels_atlas"},
				"south": {"uv": [3.25, 12, 4, 12.25], "texture": "#voxels_atlas"},
				"west": {"uv": [7.75, 9.25, 8, 9.5], "texture": "#voxels_atlas"},
				"up": {"uv": [3.25, 11.25, 4, 11], "texture": "#voxels_atlas"},
				"down": {"uv": [3.25, 11.25, 4, 11.5], "texture": "#voxels_atlas"}
			}
		},
		{
			"name": "Voxels",
			"from": [9, 5.5, 5],
			"to": [10, 7, 5.5],
			"faces": {
				"north": {"uv": [4.5, 12.25, 4, 13], "texture": "#voxels_atlas"},
				"east": {"uv": [6.5, 11.5, 6.25, 12.25], "texture": "#voxels_atlas"},
				"south": {"uv": [4, 11.5, 4.5, 12.25], "texture": "#voxels_atlas"},
				"west": {"uv": [6.25, 12.25, 6.5, 13], "texture": "#voxels_atlas"},
				"up": {"uv": [6.75, 10, 7.25, 9.75], "texture": "#voxels_atlas"},
				"down": {"uv": [6.75, 10, 7.25, 10.25], "texture": "#voxels_atlas"}
			}
		},
		{
			"name": "Voxels",
			"from": [9, 7, 5.5],
			"to": [10, 7.5, 7.5],
			"faces": {
				"north": {"uv": [7.25, 8, 6.75, 8.25], "texture": "#voxels_atlas"},
				"east": {"uv": [5.75, 10, 4.75, 10.25], "texture": "#voxels_atlas"},
				"south": {"uv": [7.25, 15.75, 7.75, 16], "texture": "#voxels_atlas"},
				"west": {"uv": [3, 9.25, 4, 9.5], "texture": "#voxels_atlas"},
				"up": {"uv": [1, 12.5, 1.5, 11.5], "texture": "#voxels_atlas"},
				"down": {"uv": [0.5, 10.5, 1, 11.5], "texture": "#voxels_atlas"}
			}
		},
		{
			"name": "Voxels",
			"from": [9, 8, 6.5],
			"to": [10, 8.5, 7],
			"faces": {
				"north": {"uv": [7.75, 14.5, 7.25, 14.75], "texture": "#voxels_atlas"},
				"east": {"uv": [12.5, 15.75, 12.25, 16], "texture": "#voxels_atlas"},
				"south": {"uv": [7.25, 14.25, 7.75, 14.5], "texture": "#voxels_atlas"},
				"west": {"uv": [12, 15.75, 12.25, 16], "texture": "#voxels_atlas"},
				"up": {"uv": [7.25, 15, 7.75, 14.75], "texture": "#voxels_atlas"},
				"down": {"uv": [7.25, 15, 7.75, 15.25], "texture": "#voxels_atlas"}
			}
		},
		{
			"name": "Voxels",
			"from": [9.5, 4.5, 5],
			"to": [10, 5, 5.5],
			"faces": {
				"north": {"uv": [13.25, 15.75, 13, 16], "texture": "#voxels_atlas"},
				"east": {"uv": [14, 15.75, 13.75, 16], "texture": "#voxels_atlas"},
				"south": {"uv": [13.25, 15.75, 13.5, 16], "texture": "#voxels_atlas"},
				"west": {"uv": [13.5, 15.75, 13.75, 16], "texture": "#voxels_atlas"},
				"up": {"uv": [12.75, 16, 13, 15.75], "texture": "#voxels_atlas"},
				"down": {"uv": [12.5, 15.75, 12.75, 16], "texture": "#voxels_atlas"}
			}
		},
		{
			"name": "Voxels",
			"from": [9.5, 5, 5.5],
			"to": [10.5, 7, 6],
			"faces": {
				"north": {"uv": [1, 11.5, 0.5, 12.5], "texture": "#voxels_atlas"},
				"east": {"uv": [5.25, 8.5, 5, 9.5], "texture": "#voxels_atlas"},
				"south": {"uv": [0, 8.5, 0.5, 9.5], "texture": "#voxels_atlas"},
				"west": {"uv": [4.75, 8.5, 5, 9.5], "texture": "#voxels_atlas"},
				"up": {"uv": [6.75, 12, 7.25, 11.75], "texture": "#voxels_atlas"},
				"down": {"uv": [7.25, 14, 7.75, 14.25], "texture": "#voxels_atlas"}
			}
		},
		{
			"name": "Voxels",
			"from": [9.5, 5, 6],
			"to": [10, 5.5, 7],
			"faces": {
				"north": {"uv": [8.25, 15.5, 8, 15.75], "texture": "#voxels_atlas"},
				"east": {"uv": [7.75, 12, 7.25, 12.25], "texture": "#voxels_atlas"},
				"south": {"uv": [8, 15.25, 8.25, 15.5], "texture": "#voxels_atlas"},
				"west": {"uv": [7.25, 12.25, 7.75, 12.5], "texture": "#voxels_atlas"},
				"up": {"uv": [7.25, 13, 7.5, 12.5], "texture": "#voxels_atlas"},
				"down": {"uv": [7.5, 13, 7.75, 13.5], "texture": "#voxels_atlas"}
			}
		},
		{
			"name": "Voxels",
			"from": [9.5, 5.5, 7],
			"to": [10, 7, 7.5],
			"faces": {
				"north": {"uv": [6.75, 14.5, 6.5, 15.25], "texture": "#voxels_atlas"},
				"east": {"uv": [6.75, 12.25, 6.5, 13], "texture": "#voxels_atlas"},
				"south": {"uv": [6.5, 13.75, 6.75, 14.5], "texture": "#voxels_atlas"},
				"west": {"uv": [6.5, 13, 6.75, 13.75], "texture": "#voxels_atlas"},
				"up": {"uv": [8, 14.5, 8.25, 14.25], "texture": "#voxels_atlas"},
				"down": {"uv": [8, 14.5, 8.25, 14.75], "texture": "#voxels_atlas"}
			}
		},
		{
			"name": "Voxels",
			"from": [9.5, 6.5, 6],
			"to": [10.5, 7, 7],
			"faces": {
				"north": {"uv": [7.75, 10.25, 7.25, 10.5], "texture": "#voxels_atlas"},
				"east": {"uv": [7.75, 9.5, 7.25, 9.75], "texture": "#voxels_atlas"},
				"south": {"uv": [7.25, 10, 7.75, 10.25], "texture": "#voxels_atlas"},
				"west": {"uv": [7.25, 9.75, 7.75, 10], "texture": "#voxels_atlas"},
				"up": {"uv": [5.25, 9.5, 5.75, 9], "texture": "#voxels_atlas"},
				"down": {"uv": [5.75, 9.5, 6.25, 10], "texture": "#voxels_atlas"}
			}
		},
		{
			"name": "Voxels",
			"from": [9.5, 7.5, 7.5],
			"to": [10.5, 8, 8.5],
			"faces": {
				"north": {"uv": [7.75, 8.75, 7.25, 9], "texture": "#voxels_atlas"},
				"east": {"uv": [7.75, 8, 7.25, 8.25], "texture": "#voxels_atlas"},
				"south": {"uv": [7.25, 8.5, 7.75, 8.75], "texture": "#voxels_atlas"},
				"west": {"uv": [7.25, 8.25, 7.75, 8.5], "texture": "#voxels_atlas"},
				"up": {"uv": [5.25, 9, 5.75, 8.5], "texture": "#voxels_atlas"},
				"down": {"uv": [5.75, 9, 6.25, 9.5], "texture": "#voxels_atlas"}
			}
		},
		{
			"name": "Voxels",
			"from": [10, 6, 7.5],
			"to": [10.5, 7.5, 8.5],
			"faces": {
				"north": {"uv": [6.75, 10, 6.5, 10.75], "texture": "#voxels_atlas"},
				"east": {"uv": [4.5, 13.75, 4, 14.5], "texture": "#voxels_atlas"},
				"south": {"uv": [6.5, 9.25, 6.75, 10], "texture": "#voxels_atlas"},
				"west": {"uv": [4, 13, 4.5, 13.75], "texture": "#voxels_atlas"},
				"up": {"uv": [7.75, 16, 8, 15.5], "texture": "#voxels_atlas"},
				"down": {"uv": [7.5, 11.5, 7.75, 12], "texture": "#voxels_atlas"}
			}
		},
		{
			"name": "Voxels",
			"from": [10, 7, 6.5],
			"to": [10.5, 7.5, 7],
			"faces": {
				"north": {"uv": [8.25, 8, 8, 8.25], "texture": "#voxels_atlas"},
				"east": {"uv": [9, 15.5, 8.75, 15.75], "texture": "#voxels_atlas"},
				"south": {"uv": [8.25, 15.5, 8.5, 15.75], "texture": "#voxels_atlas"},
				"west": {"uv": [8.5, 15.5, 8.75, 15.75], "texture": "#voxels_atlas"},
				"up": {"uv": [8, 8.5, 8.25, 8.25], "texture": "#voxels_atlas"},
				"down": {"uv": [8, 8.5, 8.25, 8.75], "texture": "#voxels_atlas"}
			}
		}
	],
	"display": {
		"thirdperson_righthand": {
			"rotation": [0, 0, -88],
			"translation": [2.75, -1.75, 3.25],
			"scale": [-1.37, 1.34, 1.32]
		},
		"thirdperson_lefthand": {
			"rotation": [0, 0, -88],
			"translation": [2.75, -1.75, 3.25],
			"scale": [1.37, 1.34, 1.32]
		},
		"firstperson_righthand": {
			"rotation": [30, 6, 0],
			"translation": [0, 3.25, 3.75],
			"scale": [1.04, 1.25, 1.13]
		},
		"firstperson_lefthand": {
			"rotation": [30, 6, 0],
			"translation": [0, 3.25, 3.75],
			"scale": [1.04, 1.25, 1.13]
		},
		"gui": {
			"rotation": [70, -37, 36],
			"translation": [-5.25, -3.5, 0],
			"scale": [2.38, 2.42, 2.35]
		}
	}
}