{
	"__comment": "Build by chiyu",
	"textures": {
		"particle": "items/particle",
		"texture": "items/texture",
		"voxels_atlas": "items/awq2"
	},
	"elements": [ 	 
		{
			"__comment": "Voxels",
			"from": [ 1.5, -2, 10.5 ],
			"to": [ 3, -1.5, 11 ],
			"faces": {
				"down": { "uv": [ 6.5, 13.5, 7.25, 13.75 ], "texture": "#voxels_atlas" },
				"up": { "uv": [ 3.5, 15, 4.25, 14.75 ], "texture": "#voxels_atlas" },
				"north": { "uv": [ 9.75, 14.75, 9, 15 ], "texture": "#voxels_atlas" },
				"south": { "uv": [ 9.75, 14.75, 10.5, 15 ], "texture": "#voxels_atlas" },
				"west": { "uv": [ 4.5, 12.5, 4.75, 12.75 ], "texture": "#voxels_atlas" },
				"east": { "uv": [ 5, 12.5, 4.75, 12.75 ], "texture": "#voxels_atlas" }
			}
		},
		{
			"__comment": "Voxels",
			"from": [ 1.5, -1.5, 10.5 ],
			"to": [ 2, -0.5, 11 ],
			"faces": {
				"down": { "uv": [ 5, 12.5, 5.25, 12.75 ], "texture": "#voxels_atlas" },
				"up": { "uv": [ 5.25, 12.75, 5.5, 12.5 ], "texture": "#voxels_atlas" },
				"north": { "uv": [ 7.75, 12.75, 7.5, 13.25 ], "texture": "#voxels_atlas" },
				"south": { "uv": [ 7.75, 12.75, 8, 13.25 ], "texture": "#voxels_atlas" },
				"west": { "uv": [ 8.75, 12.75, 9, 13.25 ], "texture": "#voxels_atlas" },
				"east": { "uv": [ 9.25, 12.75, 9, 13.25 ], "texture": "#voxels_atlas" }
			}
		},
		{
			"__comment": "Voxels",
			"from": [ 2, -1, 10.5 ],
			"to": [ 3, -0.5, 11 ],
			"faces": {
				"down": { "uv": [ 8.25, 12.75, 8.75, 13 ], "texture": "#voxels_atlas" },
				"up": { "uv": [ 11.75, 13, 12.25, 12.75 ], "texture": "#voxels_atlas" },
				"north": { "uv": [ 13, 14.5, 12.5, 14.75 ], "texture": "#voxels_atlas" },
				"south": { "uv": [ 12.5, 14.25, 13, 14.5 ], "texture": "#voxels_atlas" },
				"west": { "uv": [ 7.5, 12.5, 7.75, 12.75 ], "texture": "#voxels_atlas" },
				"east": { "uv": [ 8, 12.5, 7.75, 12.75 ], "texture": "#voxels_atlas" }
			}
		},
		{
			"__comment": "Voxels",
			"from": [ 2.5, -1.5, 9.5 ],
			"to": [ 4, -1, 10 ],
			"faces": {
				"down": { "uv": [ 8, 14.5, 8.75, 14.75 ], "texture": "#voxels_atlas" },
				"up": { "uv": [ 8, 14.5, 8.75, 14.25 ], "texture": "#voxels_atlas" },
				"north": { "uv": [ 8.75, 14, 8, 14.25 ], "texture": "#voxels_atlas" },
				"south": { "uv": [ 8, 13.75, 8.75, 14 ], "texture": "#voxels_atlas" },
				"west": { "uv": [ 8, 12.5, 8.25, 12.75 ], "texture": "#voxels_atlas" },
				"east": { "uv": [ 8.5, 12.5, 8.25, 12.75 ], "texture": "#voxels_atlas" }
			}
		},
		{
			"__comment": "Voxels",
			"from": [ 2.5, -1.5, 10 ],
			"to": [ 3, -1, 12 ],
			"faces": {
				"down": { "uv": [ 15.5, 14.75, 15.75, 15.75 ], "texture": "#voxels_atlas" },
				"up": { "uv": [ 15, 15.75, 15.25, 14.75 ], "texture": "#voxels_atlas" },
				"north": { "uv": [ 9.75, 12.5, 9.5, 12.75 ], "texture": "#voxels_atlas" },
				"south": { "uv": [ 9.75, 12.5, 10, 12.75 ], "texture": "#voxels_atlas" },
				"west": { "uv": [ 5.75, 14.75, 6.75, 15 ], "texture": "#voxels_atlas" },
				"east": { "uv": [ 7.5, 14.25, 6.5, 14.5 ], "texture": "#voxels_atlas" }
			}
		},
		{
			"__comment": "Voxels",
			"from": [ 3, -9, 10 ],
			"to": [ 5.5, -8.5, 10.5 ],
			"faces": {
				"down": { "uv": [ 12.5, 15.75, 13.75, 16 ], "texture": "#voxels_atlas" },
				"up": { "uv": [ 12.5, 15.75, 13.75, 15.5 ], "texture": "#voxels_atlas" },
				"north": { "uv": [ 13.75, 15.25, 12.5, 15.5 ], "texture": "#voxels_atlas" },
				"south": { "uv": [ 12.5, 15, 13.75, 15.25 ], "texture": "#voxels_atlas" },
				"west": { "uv": [ 10, 12.5, 10.25, 12.75 ], "texture": "#voxels_atlas" },
				"east": { "uv": [ 10.75, 12.5, 10.5, 12.75 ], "texture": "#voxels_atlas" }
			}
		},
		{
			"__comment": "Voxels",
			"from": [ 3, -9, 10.5 ],
			"to": [ 5, -8.5, 11.5 ],
			"faces": {
				"down": { "uv": [ 5.75, 15.5, 6.75, 16 ], "texture": "#voxels_atlas" },
				"up": { "uv": [ 5.75, 15.5, 6.75, 15 ], "texture": "#voxels_atlas" },
				"north": { "uv": [ 6.5, 14.5, 5.5, 14.75 ], "texture": "#voxels_atlas" },
				"south": { "uv": [ 5.5, 13, 6.5, 13.25 ], "texture": "#voxels_atlas" },
				"west": { "uv": [ 13, 14.25, 13.5, 14.5 ], "texture": "#voxels_atlas" },
				"east": { "uv": [ 15.75, 14.25, 15.25, 14.5 ], "texture": "#voxels_atlas" }
			}
		},
		{
			"__comment": "Voxels",
			"from": [ 3, -8, 10 ],
			"to": [ 5.5, -7.5, 10.5 ],
			"faces": {
				"down": { "uv": [ 12.5, 14.75, 13.75, 15 ], "texture": "#voxels_atlas" },
				"up": { "uv": [ 13.75, 16, 15, 15.75 ], "texture": "#voxels_atlas" },
				"north": { "uv": [ 15, 15.5, 13.75, 15.75 ], "texture": "#voxels_atlas" },
				"south": { "uv": [ 13.75, 15.25, 15, 15.5 ], "texture": "#voxels_atlas" },
				"west": { "uv": [ 15.75, 12.75, 16, 13 ], "texture": "#voxels_atlas" },
				"east": { "uv": [ 11, 12.5, 10.75, 12.75 ], "texture": "#voxels_atlas" }
			}
		},
		{
			"__comment": "Voxels",
			"from": [ 3, -8, 10.5 ],
			"to": [ 5, -7.5, 11.5 ],
			"faces": {
				"down": { "uv": [ 6.75, 15, 7.75, 15.5 ], "texture": "#voxels_atlas" },
				"up": { "uv": [ 6.75, 16, 7.75, 15.5 ], "texture": "#voxels_atlas" },
				"north": { "uv": [ 7.75, 14.75, 6.75, 15 ], "texture": "#voxels_atlas" },
				"south": { "uv": [ 5.5, 12.75, 6.5, 13 ], "texture": "#voxels_atlas" },
				"west": { "uv": [ 13, 13.5, 13.5, 13.75 ], "texture": "#voxels_atlas" },
				"east": { "uv": [ 13.5, 13.25, 13, 13.5 ], "texture": "#voxels_atlas" }
			}
		},
		{
			"__comment": "Voxels",
			"from": [ 3, -1.5, 8.5 ],
			"to": [ 5.5, -1, 9 ],
			"faces": {
				"down": { "uv": [ 11.25, 15.5, 12.5, 15.75 ], "texture": "#voxels_atlas" },
				"up": { "uv": [ 11.25, 15.5, 12.5, 15.25 ], "texture": "#voxels_atlas" },
				"north": { "uv": [ 12.5, 15, 11.25, 15.25 ], "texture": "#voxels_atlas" },
				"south": { "uv": [ 11.25, 14.75, 12.5, 15 ], "texture": "#voxels_atlas" },
				"west": { "uv": [ 11, 12.5, 11.25, 12.75 ], "texture": "#voxels_atlas" },
				"east": { "uv": [ 11.5, 12.5, 11.25, 12.75 ], "texture": "#voxels_atlas" }
			}
		},
		{
			"__comment": "Voxels",
			"from": [ 3, -1.5, 9 ],
			"to": [ 4, -1, 9.5 ],
			"faces": {
				"down": { "uv": [ 13.5, 14.5, 14, 14.75 ], "texture": "#voxels_atlas" },
				"up": { "uv": [ 13.5, 14.5, 14, 14.25 ], "texture": "#voxels_atlas" },
				"north": { "uv": [ 14, 14, 13.5, 14.25 ], "texture": "#voxels_atlas" },
				"south": { "uv": [ 3.5, 12.5, 4, 12.75 ], "texture": "#voxels_atlas" },
				"west": { "uv": [ 3, 5.75, 3.25, 6 ], "texture": "#voxels_atlas" },
				"east": { "uv": [ 3.25, 6.5, 3, 6.75 ], "texture": "#voxels_atlas" }
			}
		},
		{
			"__comment": "Voxels",
			"from": [ 3, -1.5, 11.5 ],
			"to": [ 4, -1, 13 ],
			"faces": {
				"down": { "uv": [ 8.25, 14.75, 8.75, 15.5 ], "texture": "#voxels_atlas" },
				"up": { "uv": [ 7.75, 16, 8.25, 15.25 ], "texture": "#voxels_atlas" },
				"north": { "uv": [ 3.5, 12.5, 3, 12.75 ], "texture": "#voxels_atlas" },
				"south": { "uv": [ 14.25, 13.5, 14.75, 13.75 ], "texture": "#voxels_atlas" },
				"west": { "uv": [ 10.25, 14.5, 11, 14.75 ], "texture": "#voxels_atlas" },
				"east": { "uv": [ 11, 14.25, 10.25, 14.5 ], "texture": "#voxels_atlas" }
			}
		},
		{
			"__comment": "Voxels",
			"from": [ 3.5, -9.5, 10.5 ],
			"to": [ 5, -9, 11 ],
			"faces": {
				"down": { "uv": [ 10.25, 14, 11, 14.25 ], "texture": "#voxels_atlas" },
				"up": { "uv": [ 10.25, 14, 11, 13.75 ], "texture": "#voxels_atlas" },
				"north": { "uv": [ 11, 13.5, 10.25, 13.75 ], "texture": "#voxels_atlas" },
				"south": { "uv": [ 10.25, 13.25, 11, 13.5 ], "texture": "#voxels_atlas" },
				"west": { "uv": [ 11.5, 12.5, 11.75, 12.75 ], "texture": "#voxels_atlas" },
				"east": { "uv": [ 10.5, 12.5, 10.25, 12.75 ], "texture": "#voxels_atlas" }
			}
		},
		{
			"__comment": "Voxels",
			"from": [ 3.5, -8.5, 9.5 ],
			"to": [ 5, -8, 12 ],
			"faces": {
				"down": { "uv": [ 2.75, 14.75, 3.5, 16 ], "texture": "#voxels_atlas" },
				"up": { "uv": [ 0.75, 2.25, 1.5, 1 ], "texture": "#voxels_atlas" },
				"north": { "uv": [ 11, 13, 10.25, 13.25 ], "texture": "#voxels_atlas" },
				"south": { "uv": [ 10.25, 12.75, 11, 13 ], "texture": "#voxels_atlas" },
				"west": { "uv": [ 13.75, 15, 15, 15.25 ], "texture": "#voxels_atlas" },
				"east": { "uv": [ 12.5, 15.75, 11.25, 16 ], "texture": "#voxels_atlas" }
			}
		},
		{
			"__comment": "Voxels",
			"from": [ 3.5, -7.5, 10.5 ],
			"to": [ 5, -2, 11 ],
			"faces": {
				"down": { "uv": [ 11, 14.5, 11.75, 14.75 ], "texture": "#voxels_atlas" },
				"up": { "uv": [ 11, 14.5, 11.75, 14.25 ], "texture": "#voxels_atlas" },
				"north": { "uv": [ 1.5, 13.25, 0.75, 16 ], "texture": "#voxels_atlas" },
				"south": { "uv": [ 0.75, 2.25, 1.5, 5 ], "texture": "#voxels_atlas" },
				"west": { "uv": [ 2.5, 5.25, 2.75, 8 ], "texture": "#voxels_atlas" },
				"east": { "uv": [ 1.75, 0.5, 1.5, 3.25 ], "texture": "#voxels_atlas" }
			}
		},
		{
			"__comment": "Voxels",
			"from": [ 3.5, -3.5, 9.5 ],
			"to": [ 5, -3, 10.5 ],
			"faces": {
				"down": { "uv": [ 9, 15, 9.75, 15.5 ], "texture": "#voxels_atlas" },
				"up": { "uv": [ 9.75, 16, 10.5, 15.5 ], "texture": "#voxels_atlas" },
				"north": { "uv": [ 11.75, 14, 11, 14.25 ], "texture": "#voxels_atlas" },
				"south": { "uv": [ 11, 13.75, 11.75, 14 ], "texture": "#voxels_atlas" },
				"west": { "uv": [ 15.25, 14.5, 15.75, 14.75 ], "texture": "#voxels_atlas" },
				"east": { "uv": [ 15.25, 14.5, 14.75, 14.75 ], "texture": "#voxels_atlas" }
			}
		},
		{
			"__comment": "Voxels",
			"from": [ 3.5, -2.5, 9.5 ],
			"to": [ 5, -2, 10.5 ],
			"faces": {
				"down": { "uv": [ 9.75, 15, 10.5, 15.5 ], "texture": "#voxels_atlas" },
				"up": { "uv": [ 10.5, 16, 11.25, 15.5 ], "texture": "#voxels_atlas" },
				"north": { "uv": [ 11.75, 13.5, 11, 13.75 ], "texture": "#voxels_atlas" },
				"south": { "uv": [ 11, 13.25, 11.75, 13.5 ], "texture": "#voxels_atlas" },
				"west": { "uv": [ 14.25, 14.5, 14.75, 14.75 ], "texture": "#voxels_atlas" },
				"east": { "uv": [ 14, 12.75, 13.5, 13 ], "texture": "#voxels_atlas" }
			}
		},
		{
			"__comment": "Voxels",
			"from": [ 3.5, -2.5, 11 ],
			"to": [ 5, -2, 11.5 ],
			"faces": {
				"down": { "uv": [ 11, 13, 11.75, 13.25 ], "texture": "#voxels_atlas" },
				"up": { "uv": [ 11, 13, 11.75, 12.75 ], "texture": "#voxels_atlas" },
				"north": { "uv": [ 12.5, 14.5, 11.75, 14.75 ], "texture": "#voxels_atlas" },
				"south": { "uv": [ 11.75, 14.25, 12.5, 14.5 ], "texture": "#voxels_atlas" },
				"west": { "uv": [ 6.75, 12.5, 7, 12.75 ], "texture": "#voxels_atlas" },
				"east": { "uv": [ 6.75, 12.5, 6.5, 12.75 ], "texture": "#voxels_atlas" }
			}
		},
		{
			"__comment": "Voxels",
			"from": [ 3.5, -2.5, 11.5 ],
			"to": [ 4, -1.5, 12 ],
			"faces": {
				"down": { "uv": [ 6.25, 12.5, 6.5, 12.75 ], "texture": "#voxels_atlas" },
				"up": { "uv": [ 6, 12.75, 6.25, 12.5 ], "texture": "#voxels_atlas" },
				"north": { "uv": [ 14.25, 14.25, 14, 14.75 ], "texture": "#voxels_atlas" },
				"south": { "uv": [ 13.75, 13, 14, 13.5 ], "texture": "#voxels_atlas" },
				"west": { "uv": [ 13.5, 13, 13.75, 13.5 ], "texture": "#voxels_atlas" },
				"east": { "uv": [ 14, 13.5, 13.75, 14 ], "texture": "#voxels_atlas" }
			}
		},
		{
			"__comment": "Voxels",
			"from": [ 3.5, -1, 9.5 ],
			"to": [ 4, 0, 10 ],
			"faces": {
				"down": { "uv": [ 3, 7.75, 3.25, 8 ], "texture": "#voxels_atlas" },
				"up": { "uv": [ 15.75, 13.25, 16, 13 ], "texture": "#voxels_atlas" },
				"north": { "uv": [ 9.5, 13.5, 9.25, 14 ], "texture": "#voxels_atlas" },
				"south": { "uv": [ 2.75, 0, 3, 0.5 ], "texture": "#voxels_atlas" },
				"west": { "uv": [ 12.5, 12.75, 12.75, 13.25 ], "texture": "#voxels_atlas" },
				"east": { "uv": [ 13, 13.25, 12.75, 13.75 ], "texture": "#voxels_atlas" }
			}
		},
		{
			"__comment": "Voxels",
			"from": [ 3.5, -0.5, 10 ],
			"to": [ 5, 0, 12 ],
			"faces": {
				"down": { "uv": [ 0.75, 0, 1.5, 1 ], "texture": "#voxels_atlas" },
				"up": { "uv": [ 3.5, 16, 4.25, 15 ], "texture": "#voxels_atlas" },
				"north": { "uv": [ 12.5, 14, 11.75, 14.25 ], "texture": "#voxels_atlas" },
				"south": { "uv": [ 11.75, 13.75, 12.5, 14 ], "texture": "#voxels_atlas" },
				"west": { "uv": [ 5.5, 13.25, 6.5, 13.5 ], "texture": "#voxels_atlas" },
				"east": { "uv": [ 7.5, 14.5, 6.5, 14.75 ], "texture": "#voxels_atlas" }
			}
		},
		{
			"__comment": "Voxels",
			"from": [ 3.5, 0, 10.5 ],
			"to": [ 5, 1, 11 ],
			"faces": {
				"down": { "uv": [ 11.75, 13.5, 12.5, 13.75 ], "texture": "#voxels_atlas" },
				"up": { "uv": [ 11.75, 13.5, 12.5, 13.25 ], "texture": "#voxels_atlas" },
				"north": { "uv": [ 9, 15.5, 8.25, 16 ], "texture": "#voxels_atlas" },
				"south": { "uv": [ 5, 14.75, 5.75, 15.25 ], "texture": "#voxels_atlas" },
				"west": { "uv": [ 12.5, 13.25, 12.75, 13.75 ], "texture": "#voxels_atlas" },
				"east": { "uv": [ 9.5, 13, 9.25, 13.5 ], "texture": "#voxels_atlas" }
			}
		},
		{
			"__comment": "Voxels",
			"from": [ 3.5, 0.5, 11 ],
			"to": [ 5, 1, 12 ],
			"faces": {
				"down": { "uv": [ 4.25, 14.75, 5, 15.25 ], "texture": "#voxels_atlas" },
				"up": { "uv": [ 9, 16, 9.75, 15.5 ], "texture": "#voxels_atlas" },
				"north": { "uv": [ 12.5, 13, 11.75, 13.25 ], "texture": "#voxels_atlas" },
				"south": { "uv": [ 10.5, 14.75, 11.25, 15 ], "texture": "#voxels_atlas" },
				"west": { "uv": [ 13, 13.75, 13.5, 14 ], "texture": "#voxels_atlas" },
				"east": { "uv": [ 13.5, 14.5, 13, 14.75 ], "texture": "#voxels_atlas" }
			}
		},
		{
			"__comment": "Voxels",
			"from": [ 4, -7.5, 10 ],
			"to": [ 4.5, -3.5, 10.5 ],
			"faces": {
				"down": { "uv": [ 15.75, 14.25, 16, 14.5 ], "texture": "#voxels_atlas" },
				"up": { "uv": [ 15.75, 14.75, 16, 14.5 ], "texture": "#voxels_atlas" },
				"north": { "uv": [ 3.25, 12.75, 3, 14.75 ], "texture": "#voxels_atlas" },
				"south": { "uv": [ 3.25, 12.75, 3.5, 14.75 ], "texture": "#voxels_atlas" },
				"west": { "uv": [ 4.25, 12.75, 4.5, 14.75 ], "texture": "#voxels_atlas" },
				"east": { "uv": [ 4.25, 12.75, 4, 14.75 ], "texture": "#voxels_atlas" }
			}
		},
		{
			"__comment": "Voxels",
			"from": [ 4, -7.5, 11 ],
			"to": [ 4.5, -2.5, 11.5 ],
			"faces": {
				"down": { "uv": [ 8, 12.75, 8.25, 13 ], "texture": "#voxels_atlas" },
				"up": { "uv": [ 7.25, 13.75, 7.5, 13.5 ], "texture": "#voxels_atlas" },
				"north": { "uv": [ 2.5, 0, 2.25, 2.5 ], "texture": "#voxels_atlas" },
				"south": { "uv": [ 2.5, 0, 2.75, 2.5 ], "texture": "#voxels_atlas" },
				"west": { "uv": [ 2.75, 4, 3, 6.5 ], "texture": "#voxels_atlas" },
				"east": { "uv": [ 3, 1.5, 2.75, 4 ], "texture": "#voxels_atlas" }
			}
		},
		{
			"__comment": "Voxels",
			"from": [ 4, -3, 10 ],
			"to": [ 4.5, -2.5, 10.5 ],
			"faces": {
				"down": { "uv": [ 6.25, 13.5, 6.5, 13.75 ], "texture": "#voxels_atlas" },
				"up": { "uv": [ 5.25, 13, 5.5, 12.75 ], "texture": "#voxels_atlas" },
				"north": { "uv": [ 4.75, 12.75, 4.5, 13 ], "texture": "#voxels_atlas" },
				"south": { "uv": [ 14.75, 14.75, 15, 15 ], "texture": "#voxels_atlas" },
				"west": { "uv": [ 3, 4.5, 3.25, 4.75 ], "texture": "#voxels_atlas" },
				"east": { "uv": [ 3.25, 4.75, 3, 5 ], "texture": "#voxels_atlas" }
			}
		},
		{
			"__comment": "Voxels",
			"from": [ 4, -2, 7.5 ],
			"to": [ 4.5, -0.5, 8 ],
			"faces": {
				"down": { "uv": [ 3, 9.75, 3.25, 10 ], "texture": "#voxels_atlas" },
				"up": { "uv": [ 15.75, 12.75, 16, 12.5 ], "texture": "#voxels_atlas" },
				"north": { "uv": [ 0.75, 0, 0.5, 0.75 ], "texture": "#voxels_atlas" },
				"south": { "uv": [ 2, 0, 2.25, 0.75 ], "texture": "#voxels_atlas" },
				"west": { "uv": [ 8.75, 14.75, 9, 15.5 ], "texture": "#voxels_atlas" },
				"east": { "uv": [ 6.5, 13.75, 6.25, 14.5 ], "texture": "#voxels_atlas" }
			}
		},
		{
			"__comment": "Voxels",
			"from": [ 4, -2, 8 ],
			"to": [ 4.5, -1.5, 9 ],
			"faces": {
				"down": { "uv": [ 11, 15, 11.25, 15.5 ], "texture": "#voxels_atlas" },
				"up": { "uv": [ 14.75, 13.25, 15, 12.75 ], "texture": "#voxels_atlas" },
				"north": { "uv": [ 15.25, 12.5, 15, 12.75 ], "texture": "#voxels_atlas" },
				"south": { "uv": [ 15.5, 12.5, 15.75, 12.75 ], "texture": "#voxels_atlas" },
				"west": { "uv": [ 14.25, 14.25, 14.75, 14.5 ], "texture": "#voxels_atlas" },
				"east": { "uv": [ 15.25, 14.25, 14.75, 14.5 ], "texture": "#voxels_atlas" }
			}
		},
		{
			"__comment": "Voxels",
			"from": [ 4, -2, 10 ],
			"to": [ 4.5, -0.5, 11.5 ],
			"faces": {
				"down": { "uv": [ 6.5, 12.75, 6.75, 13.5 ], "texture": "#voxels_atlas" },
				"up": { "uv": [ 6.75, 13.5, 7, 12.75 ], "texture": "#voxels_atlas" },
				"north": { "uv": [ 7.25, 12.75, 7, 13.5 ], "texture": "#voxels_atlas" },
				"south": { "uv": [ 7.25, 12.75, 7.5, 13.5 ], "texture": "#voxels_atlas" },
				"west": { "uv": [ 5, 15.25, 5.75, 16 ], "texture": "#voxels_atlas" },
				"east": { "uv": [ 5, 15.25, 4.25, 16 ], "texture": "#voxels_atlas" }
			}
		},
		{
			"__comment": "Voxels",
			"from": [ 4, -2, 12.5 ],
			"to": [ 4.5, -0.5, 13 ],
			"faces": {
				"down": { "uv": [ 9, 12.5, 9.25, 12.75 ], "texture": "#voxels_atlas" },
				"up": { "uv": [ 9.25, 12.75, 9.5, 12.5 ], "texture": "#voxels_atlas" },
				"north": { "uv": [ 7.75, 14, 7.5, 14.75 ], "texture": "#voxels_atlas" },
				"south": { "uv": [ 7.5, 13.25, 7.75, 14 ], "texture": "#voxels_atlas" },
				"west": { "uv": [ 7.75, 14, 8, 14.75 ], "texture": "#voxels_atlas" },
				"east": { "uv": [ 8, 13.25, 7.75, 14 ], "texture": "#voxels_atlas" }
			}
		},
		{
			"__comment": "Voxels",
			"from": [ 4, -2, 13 ],
			"to": [ 4.5, -1.5, 14 ],
			"faces": {
				"down": { "uv": [ 15, 13.25, 15.25, 13.75 ], "texture": "#voxels_atlas" },
				"up": { "uv": [ 15, 13.25, 15.25, 12.75 ], "texture": "#voxels_atlas" },
				"north": { "uv": [ 3.25, 8.25, 3, 8.5 ], "texture": "#voxels_atlas" },
				"south": { "uv": [ 3, 8, 3.25, 8.25 ], "texture": "#voxels_atlas" },
				"west": { "uv": [ 13, 14, 13.5, 14.25 ], "texture": "#voxels_atlas" },
				"east": { "uv": [ 15.75, 12.75, 15.25, 13 ], "texture": "#voxels_atlas" }
			}
		},
		{
			"__comment": "Voxels",
			"from": [ 4, -1.5, 13.5 ],
			"to": [ 4.5, -0.5, 14 ],
			"faces": {
				"down": { "uv": [ 3, 5.25, 3.25, 5.5 ], "texture": "#voxels_atlas" },
				"up": { "uv": [ 3, 5.25, 3.25, 5 ], "texture": "#voxels_atlas" },
				"north": { "uv": [ 3.25, 12, 3, 12.5 ], "texture": "#voxels_atlas" },
				"south": { "uv": [ 3, 11.5, 3.25, 12 ], "texture": "#voxels_atlas" },
				"west": { "uv": [ 13.25, 12.75, 13.5, 13.25 ], "texture": "#voxels_atlas" },
				"east": { "uv": [ 13.75, 13.5, 13.5, 14 ], "texture": "#voxels_atlas" }
			}
		},
		{
			"__comment": "Voxels",
			"from": [ 4, -1, 8 ],
			"to": [ 4.5, -0.5, 9 ],
			"faces": {
				"down": { "uv": [ 1.5, 0, 1.75, 0.5 ], "texture": "#voxels_atlas" },
				"up": { "uv": [ 1.75, 0.5, 2, 0 ], "texture": "#voxels_atlas" },
				"north": { "uv": [ 12, 12.5, 11.75, 12.75 ], "texture": "#voxels_atlas" },
				"south": { "uv": [ 12, 12.5, 12.25, 12.75 ], "texture": "#voxels_atlas" },
				"west": { "uv": [ 12.5, 14, 13, 14.25 ], "texture": "#voxels_atlas" },
				"east": { "uv": [ 13, 13.75, 12.5, 14 ], "texture": "#voxels_atlas" }
			}
		},
		{
			"__comment": "Voxels",
			"from": [ 4, -1, 13 ],
			"to": [ 4.5, -0.5, 13.5 ],
			"faces": {
				"down": { "uv": [ 12.25, 12.5, 12.5, 12.75 ], "texture": "#voxels_atlas" },
				"up": { "uv": [ 12.5, 12.75, 12.75, 12.5 ], "texture": "#voxels_atlas" },
				"north": { "uv": [ 13, 12.5, 12.75, 12.75 ], "texture": "#voxels_atlas" },
				"south": { "uv": [ 13.5, 12.5, 13.75, 12.75 ], "texture": "#voxels_atlas" },
				"west": { "uv": [ 13.75, 12.5, 14, 12.75 ], "texture": "#voxels_atlas" },
				"east": { "uv": [ 14.25, 12.5, 14, 12.75 ], "texture": "#voxels_atlas" }
			}
		},
		{
			"__comment": "Voxels",
			"from": [ 4, 0, 10 ],
			"to": [ 4.5, 9.5, 10.5 ],
			"faces": {
				"down": { "uv": [ 14.25, 12.5, 14.5, 12.75 ], "texture": "#voxels_atlas" },
				"up": { "uv": [ 15.25, 12.75, 15.5, 12.5 ], "texture": "#voxels_atlas" },
				"north": { "uv": [ 2.25, 0.75, 2, 5.5 ], "texture": "#voxels_atlas" },
				"south": { "uv": [ 2.25, 11.25, 2.5, 16 ], "texture": "#voxels_atlas" },
				"west": { "uv": [ 2.25, 6.5, 2.5, 11.25 ], "texture": "#voxels_atlas" },
				"east": { "uv": [ 2.25, 5.5, 2, 10.25 ], "texture": "#voxels_atlas" }
			}
		},
		{
			"__comment": "Voxels",
			"from": [ 4, 0, 11 ],
			"to": [ 4.5, 0.5, 11.5 ],
			"faces": {
				"down": { "uv": [ 3, 9.5, 3.25, 9.75 ], "texture": "#voxels_atlas" },
				"up": { "uv": [ 3, 9.5, 3.25, 9.25 ], "texture": "#voxels_atlas" },
				"north": { "uv": [ 3.25, 9, 3, 9.25 ], "texture": "#voxels_atlas" },
				"south": { "uv": [ 3, 7.5, 3.25, 7.75 ], "texture": "#voxels_atlas" },
				"west": { "uv": [ 3, 6.75, 3.25, 7 ], "texture": "#voxels_atlas" },
				"east": { "uv": [ 3.25, 5.5, 3, 5.75 ], "texture": "#voxels_atlas" }
			}
		},
		{
			"__comment": "Voxels",
			"from": [ 4, 1, 10.5 ],
			"to": [ 4.5, 15, 11.5 ],
			"faces": {
				"down": { "uv": [ 12.75, 12.75, 13, 13.25 ], "texture": "#voxels_atlas" },
				"up": { "uv": [ 13, 13.25, 13.25, 12.75 ], "texture": "#voxels_atlas" },
				"north": { "uv": [ 1.75, 9, 1.5, 16 ], "texture": "#voxels_atlas" },
				"south": { "uv": [ 0.5, 0.75, 0.75, 7.75 ], "texture": "#voxels_atlas" },
				"west": { "uv": [ 0, 2, 0.5, 9 ], "texture": "#voxels_atlas" },
				"east": { "uv": [ 0.5, 9, 0, 16 ], "texture": "#voxels_atlas" }
			}
		},
		{
			"__comment": "Voxels",
			"from": [ 4, 5.5, 11.5 ],
			"to": [ 4.5, 22, 12 ],
			"faces": {
				"down": { "uv": [ 4.75, 12.75, 5, 13 ], "texture": "#voxels_atlas" },
				"up": { "uv": [ 5, 13, 5.25, 12.75 ], "texture": "#voxels_atlas" },
				"north": { "uv": [ 0.75, 7.75, 0.5, 16 ], "texture": "#voxels_atlas" },
				"south": { "uv": [ 1, 5, 1.25, 13.25 ], "texture": "#voxels_atlas" },
				"west": { "uv": [ 0.75, 5, 1, 13.25 ], "texture": "#voxels_atlas" },
				"east": { "uv": [ 1.5, 5, 1.25, 13.25 ], "texture": "#voxels_atlas" }
			}
		},
		{
			"__comment": "Voxels",
			"from": [ 4, 12.5, 12 ],
			"to": [ 4.5, 24, 12.5 ],
			"faces": {
				"down": { "uv": [ 9.25, 12.75, 9.5, 13 ], "texture": "#voxels_atlas" },
				"up": { "uv": [ 12.25, 13, 12.5, 12.75 ], "texture": "#voxels_atlas" },
				"north": { "uv": [ 2.25, 10.25, 2, 16 ], "texture": "#voxels_atlas" },
				"south": { "uv": [ 1.75, 10.25, 2, 16 ], "texture": "#voxels_atlas" },
				"west": { "uv": [ 1.5, 3.25, 1.75, 9 ], "texture": "#voxels_atlas" },
				"east": { "uv": [ 2, 4.5, 1.75, 10.25 ], "texture": "#voxels_atlas" }
			}
		},
		{
			"__comment": "Voxels",
			"from": [ 4, 15, 11 ],
			"to": [ 4.5, 19, 11.5 ],
			"faces": {
				"down": { "uv": [ 15.75, 14, 16, 14.25 ], "texture": "#voxels_atlas" },
				"up": { "uv": [ 15.75, 14, 16, 13.75 ], "texture": "#voxels_atlas" },
				"north": { "uv": [ 0.25, 0, 0, 2 ], "texture": "#voxels_atlas" },
				"south": { "uv": [ 0.25, 0, 0.5, 2 ], "texture": "#voxels_atlas" },
				"west": { "uv": [ 3.5, 12.75, 3.75, 14.75 ], "texture": "#voxels_atlas" },
				"east": { "uv": [ 4, 12.75, 3.75, 14.75 ], "texture": "#voxels_atlas" }
			}
		},
		{
			"__comment": "Voxels",
			"from": [ 4, 17.5, 12.5 ],
			"to": [ 4.5, 25.5, 13 ],
			"faces": {
				"down": { "uv": [ 15.75, 13.5, 16, 13.75 ], "texture": "#voxels_atlas" },
				"up": { "uv": [ 15.75, 13.5, 16, 13.25 ], "texture": "#voxels_atlas" },
				"north": { "uv": [ 2.75, 8, 2.5, 12 ], "texture": "#voxels_atlas" },
				"south": { "uv": [ 2.5, 12, 2.75, 16 ], "texture": "#voxels_atlas" },
				"west": { "uv": [ 1.75, 0.5, 2, 4.5 ], "texture": "#voxels_atlas" },
				"east": { "uv": [ 2.5, 2.5, 2.25, 6.5 ], "texture": "#voxels_atlas" }
			}
		},
		{
			"__comment": "Voxels",
			"from": [ 4, 21, 13 ],
			"to": [ 4.5, 26.5, 13.5 ],
			"faces": {
				"down": { "uv": [ 4, 12.5, 4.25, 12.75 ], "texture": "#voxels_atlas" },
				"up": { "uv": [ 4.25, 12.75, 4.5, 12.5 ], "texture": "#voxels_atlas" },
				"north": { "uv": [ 3, 6.5, 2.75, 9.25 ], "texture": "#voxels_atlas" },
				"south": { "uv": [ 2.75, 9.25, 3, 12 ], "texture": "#voxels_atlas" },
				"west": { "uv": [ 2.5, 2.5, 2.75, 5.25 ], "texture": "#voxels_atlas" },
				"east": { "uv": [ 3, 12, 2.75, 14.75 ], "texture": "#voxels_atlas" }
			}
		},
		{
			"__comment": "Voxels",
			"from": [ 4, 23.5, 13.5 ],
			"to": [ 4.5, 27, 14 ],
			"faces": {
				"down": { "uv": [ 5.5, 12.5, 5.75, 12.75 ], "texture": "#voxels_atlas" },
				"up": { "uv": [ 5.75, 12.75, 6, 12.5 ], "texture": "#voxels_atlas" },
				"north": { "uv": [ 5.25, 13, 5, 14.75 ], "texture": "#voxels_atlas" },
				"south": { "uv": [ 5.25, 13, 5.5, 14.75 ], "texture": "#voxels_atlas" },
				"west": { "uv": [ 4.75, 13, 5, 14.75 ], "texture": "#voxels_atlas" },
				"east": { "uv": [ 4.75, 13, 4.5, 14.75 ], "texture": "#voxels_atlas" }
			}
		},
		{
			"__comment": "Voxels",
			"from": [ 4, 25, 14 ],
			"to": [ 4.5, 27, 14.5 ],
			"faces": {
				"down": { "uv": [ 7, 12.5, 7.25, 12.75 ], "texture": "#voxels_atlas" },
				"up": { "uv": [ 7.25, 12.75, 7.5, 12.5 ], "texture": "#voxels_atlas" },
				"north": { "uv": [ 16, 14.75, 15.75, 15.75 ], "texture": "#voxels_atlas" },
				"south": { "uv": [ 5.5, 13.5, 5.75, 14.5 ], "texture": "#voxels_atlas" },
				"west": { "uv": [ 6, 13.5, 6.25, 14.5 ], "texture": "#voxels_atlas" },
				"east": { "uv": [ 6, 13.5, 5.75, 14.5 ], "texture": "#voxels_atlas" }
			}
		},
		{
			"__comment": "Voxels",
			"from": [ 4.5, -2.5, 11.5 ],
			"to": [ 5, -1, 12 ],
			"faces": {
				"down": { "uv": [ 8.5, 12.5, 8.75, 12.75 ], "texture": "#voxels_atlas" },
				"up": { "uv": [ 8.75, 12.75, 9, 12.5 ], "texture": "#voxels_atlas" },
				"north": { "uv": [ 8.25, 13, 8, 13.75 ], "texture": "#voxels_atlas" },
				"south": { "uv": [ 8.25, 13, 8.5, 13.75 ], "texture": "#voxels_atlas" },
				"west": { "uv": [ 8.5, 13, 8.75, 13.75 ], "texture": "#voxels_atlas" },
				"east": { "uv": [ 9, 14, 8.75, 14.75 ], "texture": "#voxels_atlas" }
			}
		},
		{
			"__comment": "Voxels",
			"from": [ 4.5, -1.5, 9 ],
			"to": [ 5.5, -1, 10 ],
			"faces": {
				"down": { "uv": [ 7.75, 14.75, 8.25, 15.25 ], "texture": "#voxels_atlas" },
				"up": { "uv": [ 7, 14.25, 7.5, 13.75 ], "texture": "#voxels_atlas" },
				"north": { "uv": [ 14.75, 14, 14.25, 14.25 ], "texture": "#voxels_atlas" },
				"south": { "uv": [ 14.75, 14, 15.25, 14.25 ], "texture": "#voxels_atlas" },
				"west": { "uv": [ 15.25, 14, 15.75, 14.25 ], "texture": "#voxels_atlas" },
				"east": { "uv": [ 14.75, 13.75, 14.25, 14 ], "texture": "#voxels_atlas" }
			}
		},
		{
			"__comment": "Voxels",
			"from": [ 4.5, -1.5, 12 ],
			"to": [ 5.5, -1, 13 ],
			"faces": {
				"down": { "uv": [ 6.5, 13.75, 7, 14.25 ], "texture": "#voxels_atlas" },
				"up": { "uv": [ 10.5, 15.5, 11, 15 ], "texture": "#voxels_atlas" },
				"north": { "uv": [ 14.75, 13.25, 14.25, 13.5 ], "texture": "#voxels_atlas" },
				"south": { "uv": [ 14.25, 13, 14.75, 13.25 ], "texture": "#voxels_atlas" },
				"west": { "uv": [ 14.25, 12.75, 14.75, 13 ], "texture": "#voxels_atlas" },
				"east": { "uv": [ 15.25, 13.75, 14.75, 14 ], "texture": "#voxels_atlas" }
			}
		},
		{
			"__comment": "Voxels",
			"from": [ 4.5, -1, 9.5 ],
			"to": [ 5, 0, 10 ],
			"faces": {
				"down": { "uv": [ 13, 12.5, 13.25, 12.75 ], "texture": "#voxels_atlas" },
				"up": { "uv": [ 13.25, 12.75, 13.5, 12.5 ], "texture": "#voxels_atlas" },
				"north": { "uv": [ 14.25, 13.75, 14, 14.25 ], "texture": "#voxels_atlas" },
				"south": { "uv": [ 14, 13.25, 14.25, 13.75 ], "texture": "#voxels_atlas" },
				"west": { "uv": [ 14, 12.75, 14.25, 13.25 ], "texture": "#voxels_atlas" },
				"east": { "uv": [ 15, 13.25, 14.75, 13.75 ], "texture": "#voxels_atlas" }
			}
		},
		{
			"__comment": "Voxels",
			"from": [ 5, -9, 11 ],
			"to": [ 5.5, -7.5, 11.5 ],
			"faces": {
				"down": { "uv": [ 14.5, 12.5, 14.75, 12.75 ], "texture": "#voxels_atlas" },
				"up": { "uv": [ 14.75, 12.75, 15, 12.5 ], "texture": "#voxels_atlas" },
				"north": { "uv": [ 9, 13.25, 8.75, 14 ], "texture": "#voxels_atlas" },
				"south": { "uv": [ 9, 14, 9.25, 14.75 ], "texture": "#voxels_atlas" },
				"west": { "uv": [ 9, 13.25, 9.25, 14 ], "texture": "#voxels_atlas" },
				"east": { "uv": [ 9.5, 14, 9.25, 14.75 ], "texture": "#voxels_atlas" }
			}
		},
		{
			"__comment": "Voxels",
			"from": [ 5, -8.5, 10 ],
			"to": [ 5.5, -8, 10.5 ],
			"faces": {
				"down": { "uv": [ 3, 11.25, 3.25, 11.5 ], "texture": "#voxels_atlas" },
				"up": { "uv": [ 3, 11.25, 3.25, 11 ], "texture": "#voxels_atlas" },
				"north": { "uv": [ 3.25, 10.75, 3, 11 ], "texture": "#voxels_atlas" },
				"south": { "uv": [ 3, 10.5, 3.25, 10.75 ], "texture": "#voxels_atlas" },
				"west": { "uv": [ 3, 10.25, 3.25, 10.5 ], "texture": "#voxels_atlas" },
				"east": { "uv": [ 3.25, 10, 3, 10.25 ], "texture": "#voxels_atlas" }
			}
		},
		{
			"__comment": "Voxels",
			"from": [ 5, -1.5, 11.5 ],
			"to": [ 6, -1, 12 ],
			"faces": {
				"down": { "uv": [ 15.25, 13.75, 15.75, 14 ], "texture": "#voxels_atlas" },
				"up": { "uv": [ 15.25, 13.75, 15.75, 13.5 ], "texture": "#voxels_atlas" },
				"north": { "uv": [ 15.75, 13.25, 15.25, 13.5 ], "texture": "#voxels_atlas" },
				"south": { "uv": [ 15.25, 13, 15.75, 13.25 ], "texture": "#voxels_atlas" },
				"west": { "uv": [ 3, 8.75, 3.25, 9 ], "texture": "#voxels_atlas" },
				"east": { "uv": [ 3.25, 8.5, 3, 8.75 ], "texture": "#voxels_atlas" }
			}
		},
		{
			"__comment": "Voxels",
			"from": [ 5.5, -2, 10.5 ],
			"to": [ 7, -1.5, 11 ],
			"faces": {
				"down": { "uv": [ 9.5, 14.5, 10.25, 14.75 ], "texture": "#voxels_atlas" },
				"up": { "uv": [ 9.5, 14.5, 10.25, 14.25 ], "texture": "#voxels_atlas" },
				"north": { "uv": [ 10.25, 14, 9.5, 14.25 ], "texture": "#voxels_atlas" },
				"south": { "uv": [ 9.5, 13.75, 10.25, 14 ], "texture": "#voxels_atlas" },
				"west": { "uv": [ 3, 7.25, 3.25, 7.5 ], "texture": "#voxels_atlas" },
				"east": { "uv": [ 3.25, 7, 3, 7.25 ], "texture": "#voxels_atlas" }
			}
		},
		{
			"__comment": "Voxels",
			"from": [ 5.5, -1.5, 9.5 ],
			"to": [ 6, -1, 11.5 ],
			"faces": {
				"down": { "uv": [ 2.75, 0.5, 3, 1.5 ], "texture": "#voxels_atlas" },
				"up": { "uv": [ 15.25, 15.75, 15.5, 14.75 ], "texture": "#voxels_atlas" },
				"north": { "uv": [ 3.25, 6.25, 3, 6.5 ], "texture": "#voxels_atlas" },
				"south": { "uv": [ 3, 6, 3.25, 6.25 ], "texture": "#voxels_atlas" },
				"west": { "uv": [ 13.75, 14.75, 14.75, 15 ], "texture": "#voxels_atlas" },
				"east": { "uv": [ 16, 15.75, 15, 16 ], "texture": "#voxels_atlas" }
			}
		},
		{
			"__comment": "Voxels",
			"from": [ 5.5, -1, 10.5 ],
			"to": [ 7, -0.5, 11 ],
			"faces": {
				"down": { "uv": [ 9.5, 13.5, 10.25, 13.75 ], "texture": "#voxels_atlas" },
				"up": { "uv": [ 9.5, 13.5, 10.25, 13.25 ], "texture": "#voxels_atlas" },
				"north": { "uv": [ 10.25, 13, 9.5, 13.25 ], "texture": "#voxels_atlas" },
				"south": { "uv": [ 9.5, 12.75, 10.25, 13 ], "texture": "#voxels_atlas" },
				"west": { "uv": [ 3, 4.25, 3.25, 4.5 ], "texture": "#voxels_atlas" },
				"east": { "uv": [ 3.25, 4, 3, 4.25 ], "texture": "#voxels_atlas" }
			}
		},
		{
			"__comment": "Voxels",
			"from": [ 6.5, -1.5, 10.5 ],
			"to": [ 7, -1, 11 ],
			"faces": {
				"down": { "uv": [ 3, 3.75, 3.25, 4 ], "texture": "#voxels_atlas" },
				"up": { "uv": [ 3, 3.75, 3.25, 3.5 ], "texture": "#voxels_atlas" },
				"north": { "uv": [ 3.25, 3.25, 3, 3.5 ], "texture": "#voxels_atlas" },
				"south": { "uv": [ 3, 3, 3.25, 3.25 ], "texture": "#voxels_atlas" },
				"west": { "uv": [ 3, 2.75, 3.25, 3 ], "texture": "#voxels_atlas" },
				"east": { "uv": [ 3.25, 2.5, 3, 2.75 ], "texture": "#voxels_atlas" }
			}
		}
	],
	"display": {
		"thirdperson_righthand": {
			"rotation":  [ 2, -3, -2 ],
			"translation":  [ 3.4782, 10.434, -0.695 ]
		},
		"thirdperson_lefthand": {
			"rotation":  [ 9, 180, 180 ],
			"translation":  [ -5.565, -6.956, 2.7838 ]
		},
		"firstperson_righthand": {
			"rotation":  [ -17, 14, 8 ],
			"translation":  [ 11.131, 8.3484, -15.3 ],
			"scale":  [ 1.0695, 1.2173, 1.0434 ]
		},
		"firstperson_lefthand": {
			"rotation":  [ -39, 180, 180 ],
			"translation":  [ 3.4785, -7.651, 4.1771 ],
			"scale":  [ 1.0695, 1.2173, 1.0434 ]
		},
		"gui": {
			"rotation":  [ 83, -137, 79 ],
			"translation":  [ 2.0869, -2.082, 11.131 ],
			"scale":  [ 1.1302, 0.8695, 0.9043 ]
		},
		"ground": {
			"rotation":  [ -106, -83, -20 ],
			"translation":  [ 4.1751, 2.7829, 4.1742 ]
		},
		"fixed": {
			"rotation":  [ -75, 73, 73 ],
			"translation":  [ -6.956, -9.043, -13.9 ],
			"scale":  [ 3, 3, 3 ]
		}
	}
}