{
	"credit": "Made For",
	"textures": {
		"voxels_atlas": "items/awq3"
	},
	"elements": [
		{
			"name": "Voxels",
			"from": [5, 1, -7],
			"to": [6, 2, -6.5],
			"faces": {
				"north": {"uv": [7.75, 11.25, 7.25, 11.75], "texture": "#voxels_atlas"},
				"east": {"uv": [9.25, 13.25, 9, 13.75], "texture": "#voxels_atlas"},
				"south": {"uv": [3, 8.25, 3.5, 8.75], "texture": "#voxels_atlas"},
				"west": {"uv": [7.75, 11.25, 8, 11.75], "texture": "#voxels_atlas"},
				"up": {"uv": [3, 8.25, 3.5, 8], "texture": "#voxels_atlas"},
				"down": {"uv": [13.5, 14.5, 14, 14.75], "texture": "#voxels_atlas"}
			}
		},
		{
			"name": "Voxels",
			"from": [5.5, -0.5, -7],
			"to": [6, 0.5, -6.5],
			"faces": {
				"north": {"uv": [9.25, 12.75, 9, 13.25], "texture": "#voxels_atlas"},
				"east": {"uv": [9.25, 11.25, 9, 11.75], "texture": "#voxels_atlas"},
				"south": {"uv": [9, 12.25, 9.25, 12.75], "texture": "#voxels_atlas"},
				"west": {"uv": [9, 11.75, 9.25, 12.25], "texture": "#voxels_atlas"},
				"up": {"uv": [8.75, 14, 9, 13.75], "texture": "#voxels_atlas"},
				"down": {"uv": [8.75, 14, 9, 14.25], "texture": "#voxels_atlas"}
			}
		},
		{
			"name": "Voxels",
			"from": [5.5, 2.5, -7],
			"to": [7, 3, -6.5],
			"faces": {
				"north": {"uv": [8, 8.75, 7.25, 9], "texture": "#voxels_atlas"},
				"east": {"uv": [9, 12.5, 8.75, 12.75], "texture": "#voxels_atlas"},
				"south": {"uv": [8, 8.5, 8.75, 8.75], "texture": "#voxels_atlas"},
				"west": {"uv": [8.75, 12.75, 9, 13], "texture": "#voxels_atlas"},
				"up": {"uv": [7.25, 8.75, 8, 8.5], "texture": "#voxels_atlas"},
				"down": {"uv": [7.25, 8.25, 8, 8.5], "texture": "#voxels_atlas"}
			}
		},
		{
			"name": "Voxels",
			"from": [5.5, 3, -7],
			"to": [6, 3.5, -6.5],
			"faces": {
				"north": {"uv": [16, 14, 15.75, 14.25], "texture": "#voxels_atlas"},
				"east": {"uv": [15.5, 14.25, 15.25, 14.5], "texture": "#voxels_atlas"},
				"south": {"uv": [15.5, 14, 15.75, 14.25], "texture": "#voxels_atlas"},
				"west": {"uv": [15.5, 14.25, 15.75, 14.5], "texture": "#voxels_atlas"},
				"up": {"uv": [9.75, 14, 10, 13.75], "texture": "#voxels_atlas"},
				"down": {"uv": [9.75, 13.5, 10, 13.75], "texture": "#voxels_atlas"}
			}
		},
		{
			"name": "Voxels",
			"from": [6, 0, -7],
			"to": [7, 0.5, -6.5],
			"faces": {
				"north": {"uv": [13, 14.5, 12.5, 14.75], "texture": "#voxels_atlas"},
				"east": {"uv": [14.5, 14.25, 14.25, 14.5], "texture": "#voxels_atlas"},
				"south": {"uv": [13, 14.5, 13.5, 14.75], "texture": "#voxels_atlas"},
				"west": {"uv": [14.5, 14.25, 14.75, 14.5], "texture": "#voxels_atlas"},
				"up": {"uv": [12, 14.75, 12.5, 14.5], "texture": "#voxels_atlas"},
				"down": {"uv": [11.5, 14.5, 12, 14.75], "texture": "#voxels_atlas"}
			}
		},
		{
			"name": "Voxels",
			"from": [6, 1.5, -7],
			"to": [9, 2, -6.5],
			"faces": {
				"north": {"uv": [9.5, 14.75, 8, 15], "texture": "#voxels_atlas"},
				"east": {"uv": [9.75, 12.25, 9.5, 12.5], "texture": "#voxels_atlas"},
				"south": {"uv": [9.5, 14.75, 11, 15], "texture": "#voxels_atlas"},
				"west": {"uv": [9.5, 12, 9.75, 12.25], "texture": "#voxels_atlas"},
				"up": {"uv": [14, 15.25, 15.5, 15], "texture": "#voxels_atlas"},
				"down": {"uv": [11, 14.75, 12.5, 15], "texture": "#voxels_atlas"}
			}
		},
		{
			"name": "Voxels",
			"from": [6.5, -1, -7],
			"to": [9, -0.5, -6.5],
			"faces": {
				"north": {"uv": [6.25, 8, 5, 8.25], "texture": "#voxels_atlas"},
				"east": {"uv": [9.75, 13.25, 9.5, 13.5], "texture": "#voxels_atlas"},
				"south": {"uv": [12.5, 14.75, 13.75, 15], "texture": "#voxels_atlas"},
				"west": {"uv": [9.5, 13, 9.75, 13.25], "texture": "#voxels_atlas"},
				"up": {"uv": [5, 8.5, 6.25, 8.25], "texture": "#voxels_atlas"},
				"down": {"uv": [13.75, 14.75, 15, 15], "texture": "#voxels_atlas"}
			}
		},
		{
			"name": "Voxels",
			"from": [6.5, -0.5, -7],
			"to": [7, 0, -6.5],
			"faces": {
				"north": {"uv": [9, 10, 8.75, 10.25], "texture": "#voxels_atlas"},
				"east": {"uv": [9, 11.25, 8.75, 11.5], "texture": "#voxels_atlas"},
				"south": {"uv": [8.75, 10.25, 9, 10.5], "texture": "#voxels_atlas"},
				"west": {"uv": [8.75, 11, 9, 11.25], "texture": "#voxels_atlas"},
				"up": {"uv": [8.75, 10, 9, 9.75], "texture": "#voxels_atlas"},
				"down": {"uv": [8.75, 9.5, 9, 9.75], "texture": "#voxels_atlas"}
			}
		},
		{
			"name": "Voxels",
			"from": [6.5, 1, -7],
			"to": [10.5, 1.5, -6.5],
			"faces": {
				"north": {"uv": [14, 15, 12, 15.25], "texture": "#voxels_atlas"},
				"east": {"uv": [9, 12.25, 8.75, 12.5], "texture": "#voxels_atlas"},
				"south": {"uv": [13, 15.25, 15, 15.5], "texture": "#voxels_atlas"},
				"west": {"uv": [8.75, 12, 9, 12.25], "texture": "#voxels_atlas"},
				"up": {"uv": [10, 15.25, 12, 15], "texture": "#voxels_atlas"},
				"down": {"uv": [8, 15, 10, 15.25], "texture": "#voxels_atlas"}
			}
		},
		{
			"name": "Voxels",
			"from": [6.5, 3, -7],
			"to": [7, 4, -6.5],
			"faces": {
				"north": {"uv": [9.25, 10.75, 9, 11.25], "texture": "#voxels_atlas"},
				"east": {"uv": [9.25, 9.25, 9, 9.75], "texture": "#voxels_atlas"},
				"south": {"uv": [9, 10.25, 9.25, 10.75], "texture": "#voxels_atlas"},
				"west": {"uv": [9, 9.75, 9.25, 10.25], "texture": "#voxels_atlas"},
				"up": {"uv": [10, 14, 10.25, 13.75], "texture": "#voxels_atlas"},
				"down": {"uv": [10.25, 13.75, 10.5, 14], "texture": "#voxels_atlas"}
			}
		},
		{
			"name": "Voxels",
			"from": [7, -1, 11],
			"to": [8.5, 1.5, 11.5],
			"faces": {
				"north": {"uv": [5, 9.5, 4.25, 10.75], "texture": "#voxels_atlas"},
				"east": {"uv": [6, 10.75, 5.75, 12], "texture": "#voxels_atlas"},
				"south": {"uv": [5, 9.5, 5.75, 10.75], "texture": "#voxels_atlas"},
				"west": {"uv": [6, 10.75, 6.25, 12], "texture": "#voxels_atlas"},
				"up": {"uv": [8, 11, 8.75, 10.75], "texture": "#voxels_atlas"},
				"down": {"uv": [8, 8.25, 8.75, 8.5], "texture": "#voxels_atlas"}
			}
		},
		{
			"name": "Voxels",
			"from": [7, -1, 11.5],
			"to": [8.5, 1, 14],
			"faces": {
				"north": {"uv": [7.25, 8.25, 6.5, 9.25], "texture": "#voxels_atlas"},
				"east": {"uv": [6.25, 13, 5, 14], "texture": "#voxels_atlas"},
				"south": {"uv": [6.5, 12.25, 7.25, 13.25], "texture": "#voxels_atlas"},
				"west": {"uv": [5, 12, 6.25, 13], "texture": "#voxels_atlas"},
				"up": {"uv": [4.25, 12, 5, 10.75], "texture": "#voxels_atlas"},
				"down": {"uv": [5, 10.75, 5.75, 12], "texture": "#voxels_atlas"}
			}
		},
		{
			"name": "Voxels",
			"from": [7, -1, 14],
			"to": [8.5, 0.5, 14.5],
			"faces": {
				"north": {"uv": [3, 8, 2.25, 8.75], "texture": "#voxels_atlas"},
				"east": {"uv": [9.25, 13.75, 9, 14.5], "texture": "#voxels_atlas"},
				"south": {"uv": [7.25, 13.5, 8, 14.25], "texture": "#voxels_atlas"},
				"west": {"uv": [8.75, 8.75, 9, 9.5], "texture": "#voxels_atlas"},
				"up": {"uv": [8, 8.25, 8.75, 8], "texture": "#voxels_atlas"},
				"down": {"uv": [8, 10.5, 8.75, 10.75], "texture": "#voxels_atlas"}
			}
		},
		{
			"name": "Voxels",
			"from": [7, -0.5, 7],
			"to": [8.5, 1.5, 11],
			"faces": {
				"north": {"uv": [3.5, 13, 2.75, 14], "texture": "#voxels_atlas"},
				"east": {"uv": [6.25, 15, 4.25, 16], "texture": "#voxels_atlas"},
				"south": {"uv": [2.75, 12, 3.5, 13], "texture": "#voxels_atlas"},
				"west": {"uv": [4.25, 14, 6.25, 15], "texture": "#voxels_atlas"},
				"up": {"uv": [3.5, 10.5, 4.25, 8.5], "texture": "#voxels_atlas"},
				"down": {"uv": [4.25, 12, 5, 14], "texture": "#voxels_atlas"}
			}
		},
		{
			"name": "Voxels",
			"from": [7, 0, 1],
			"to": [8.5, 2, 6.5],
			"faces": {
				"north": {"uv": [7.25, 14.25, 6.5, 15.25], "texture": "#voxels_atlas"},
				"east": {"uv": [2.75, 13, 0, 14], "texture": "#voxels_atlas"},
				"south": {"uv": [6.5, 13.25, 7.25, 14.25], "texture": "#voxels_atlas"},
				"west": {"uv": [0, 12, 2.75, 13], "texture": "#voxels_atlas"},
				"up": {"uv": [3.5, 16, 4.25, 13.25], "texture": "#voxels_atlas"},
				"down": {"uv": [3.5, 10.5, 4.25, 13.25], "texture": "#voxels_atlas"}
			}
		},
		{
			"name": "Voxels",
			"from": [7, 0, 6.5],
			"to": [8.5, 1.5, 7],
			"faces": {
				"north": {"uv": [2.25, 8, 1.5, 8.75], "texture": "#voxels_atlas"},
				"east": {"uv": [8.5, 13, 8.25, 13.75], "texture": "#voxels_atlas"},
				"south": {"uv": [7.25, 12.75, 8, 13.5], "texture": "#voxels_atlas"},
				"west": {"uv": [8, 13, 8.25, 13.75], "texture": "#voxels_atlas"},
				"up": {"uv": [9.75, 14.75, 10.5, 14.5], "texture": "#voxels_atlas"},
				"down": {"uv": [7.25, 8, 8, 8.25], "texture": "#voxels_atlas"}
			}
		},
		{
			"name": "Voxels",
			"from": [7, 0.5, -14.5],
			"to": [8.5, 2.5, -14],
			"faces": {
				"north": {"uv": [7.25, 10.25, 6.5, 11.25], "texture": "#voxels_atlas"},
				"east": {"uv": [6, 8.5, 5.75, 9.5], "texture": "#voxels_atlas"},
				"south": {"uv": [6.5, 9.25, 7.25, 10.25], "texture": "#voxels_atlas"},
				"west": {"uv": [6, 9.75, 6.25, 10.75], "texture": "#voxels_atlas"},
				"up": {"uv": [8, 12.75, 8.75, 12.5], "texture": "#voxels_atlas"},
				"down": {"uv": [8, 12.75, 8.75, 13], "texture": "#voxels_atlas"}
			}
		},
		{
			"name": "Voxels",
			"from": [7, 0.5, -7.5],
			"to": [8.5, 2.5, -7],
			"faces": {
				"north": {"uv": [7.25, 11.25, 6.5, 12.25], "texture": "#voxels_atlas"},
				"east": {"uv": [7.5, 11.75, 7.25, 12.75], "texture": "#voxels_atlas"},
				"south": {"uv": [7.25, 14.25, 8, 15.25], "texture": "#voxels_atlas"},
				"west": {"uv": [7.75, 11.75, 8, 12.75], "texture": "#voxels_atlas"},
				"up": {"uv": [8, 11.75, 8.75, 11.5], "texture": "#voxels_atlas"},
				"down": {"uv": [8, 11.75, 8.75, 12], "texture": "#voxels_atlas"}
			}
		},
		{
			"name": "Voxels",
			"from": [7, 0.5, -7],
			"to": [8.5, 1, -6.5],
			"faces": {
				"north": {"uv": [8.75, 9.75, 8, 10], "texture": "#voxels_atlas"},
				"east": {"uv": [10, 10.75, 9.75, 11], "texture": "#voxels_atlas"},
				"south": {"uv": [8, 9.5, 8.75, 9.75], "texture": "#voxels_atlas"},
				"west": {"uv": [9.75, 10.5, 10, 10.75], "texture": "#voxels_atlas"},
				"up": {"uv": [8, 10.25, 8.75, 10], "texture": "#voxels_atlas"},
				"down": {"uv": [8, 10.25, 8.75, 10.5], "texture": "#voxels_atlas"}
			}
		},
		{
			"name": "Voxels",
			"from": [7, 0.5, -6],
			"to": [8.5, 2.5, 1],
			"faces": {
				"north": {"uv": [5, 8.5, 4.25, 9.5], "texture": "#voxels_atlas"},
				"east": {"uv": [3.5, 15, 0, 16], "texture": "#voxels_atlas"},
				"south": {"uv": [5, 8.5, 5.75, 9.5], "texture": "#voxels_atlas"},
				"west": {"uv": [0, 14, 3.5, 15], "texture": "#voxels_atlas"},
				"up": {"uv": [0, 12, 0.75, 8.5], "texture": "#voxels_atlas"},
				"down": {"uv": [0.75, 8.5, 1.5, 12], "texture": "#voxels_atlas"}
			}
		},
		{
			"name": "Voxels",
			"from": [7, 1, -14],
			"to": [8.5, 2, -7.5],
			"faces": {
				"north": {"uv": [5, 8, 4.25, 8.5], "texture": "#voxels_atlas"},
				"east": {"uv": [12.75, 15.5, 9.5, 16], "texture": "#voxels_atlas"},
				"south": {"uv": [0, 8, 0.75, 8.5], "texture": "#voxels_atlas"},
				"west": {"uv": [6.25, 15.5, 9.5, 16], "texture": "#voxels_atlas"},
				"up": {"uv": [1.5, 12, 2.25, 8.75], "texture": "#voxels_atlas"},
				"down": {"uv": [2.25, 8.75, 3, 12], "texture": "#voxels_atlas"}
			}
		},
		{
			"name": "Voxels",
			"from": [7, 1, -6.5],
			"to": [8.5, 2, -6],
			"faces": {
				"north": {"uv": [1.5, 8, 0.75, 8.5], "texture": "#voxels_atlas"},
				"east": {"uv": [9.25, 8.25, 9, 8.75], "texture": "#voxels_atlas"},
				"south": {"uv": [3.5, 8, 4.25, 8.5], "texture": "#voxels_atlas"},
				"west": {"uv": [9, 8.75, 9.25, 9.25], "texture": "#voxels_atlas"},
				"up": {"uv": [8, 14.25, 8.75, 14], "texture": "#voxels_atlas"},
				"down": {"uv": [8, 13.75, 8.75, 14], "texture": "#voxels_atlas"}
			}
		},
		{
			"name": "Voxels",
			"from": [7, 2, -7],
			"to": [8.5, 2.5, -6.5],
			"faces": {
				"north": {"uv": [7.25, 8, 6.5, 8.25], "texture": "#voxels_atlas"},
				"east": {"uv": [13.5, 14, 13.25, 14.25], "texture": "#voxels_atlas"},
				"south": {"uv": [9, 14.5, 9.75, 14.75], "texture": "#voxels_atlas"},
				"west": {"uv": [13.5, 14, 13.75, 14.25], "texture": "#voxels_atlas"},
				"up": {"uv": [7.25, 11.25, 8, 11], "texture": "#voxels_atlas"},
				"down": {"uv": [7.25, 9.75, 8, 10], "texture": "#voxels_atlas"}
			}
		},
		{
			"name": "Voxels",
			"from": [7, 3.5, -7],
			"to": [9, 4, -6.5],
			"faces": {
				"north": {"uv": [9, 14.5, 8, 14.75], "texture": "#voxels_atlas"},
				"east": {"uv": [12.75, 14.25, 12.5, 14.5], "texture": "#voxels_atlas"},
				"south": {"uv": [8, 14.25, 9, 14.5], "texture": "#voxels_atlas"},
				"west": {"uv": [13, 14, 13.25, 14.25], "texture": "#voxels_atlas"},
				"up": {"uv": [15, 15, 16, 14.75], "texture": "#voxels_atlas"},
				"down": {"uv": [15, 15.25, 16, 15.5], "texture": "#voxels_atlas"}
			}
		},
		{
			"name": "Voxels",
			"from": [7.5, -1, 10],
			"to": [8, -0.5, 11],
			"faces": {
				"north": {"uv": [15, 14, 14.75, 14.25], "texture": "#voxels_atlas"},
				"east": {"uv": [15, 14.5, 14.5, 14.75], "texture": "#voxels_atlas"},
				"south": {"uv": [15, 14, 15.25, 14.25], "texture": "#voxels_atlas"},
				"west": {"uv": [14, 14.5, 14.5, 14.75], "texture": "#voxels_atlas"},
				"up": {"uv": [9.25, 14, 9.5, 13.5], "texture": "#voxels_atlas"},
				"down": {"uv": [9.25, 14, 9.5, 14.5], "texture": "#voxels_atlas"}
			}
		},
		{
			"name": "Voxels",
			"from": [7.5, -1, 14.5],
			"to": [8, 0.5, 15],
			"faces": {
				"north": {"uv": [7.5, 9, 7.25, 9.75], "texture": "#voxels_atlas"},
				"east": {"uv": [8.75, 8.75, 8.5, 9.5], "texture": "#voxels_atlas"},
				"south": {"uv": [7.5, 9, 7.75, 9.75], "texture": "#voxels_atlas"},
				"west": {"uv": [7.75, 9, 8, 9.75], "texture": "#voxels_atlas"},
				"up": {"uv": [9.75, 11.25, 10, 11], "texture": "#voxels_atlas"},
				"down": {"uv": [9.75, 11.25, 10, 11.5], "texture": "#voxels_atlas"}
			}
		},
		{
			"name": "Voxels",
			"from": [7.5, -0.5, -7],
			"to": [8, 0.5, -6.5],
			"faces": {
				"north": {"uv": [9.5, 13, 9.25, 13.5], "texture": "#voxels_atlas"},
				"east": {"uv": [9.5, 11.5, 9.25, 12], "texture": "#voxels_atlas"},
				"south": {"uv": [9.25, 12.5, 9.5, 13], "texture": "#voxels_atlas"},
				"west": {"uv": [9.25, 12, 9.5, 12.5], "texture": "#voxels_atlas"},
				"up": {"uv": [14.5, 14.25, 14.75, 14], "texture": "#voxels_atlas"},
				"down": {"uv": [13.75, 14, 14, 14.25], "texture": "#voxels_atlas"}
			}
		},
		{
			"name": "Voxels",
			"from": [7.5, -0.5, 5.5],
			"to": [8, 0, 7],
			"faces": {
				"north": {"uv": [10, 8.25, 9.75, 8.5], "texture": "#voxels_atlas"},
				"east": {"uv": [8.75, 12, 8, 12.25], "texture": "#voxels_atlas"},
				"south": {"uv": [9.75, 8, 10, 8.25], "texture": "#voxels_atlas"},
				"west": {"uv": [8, 12.25, 8.75, 12.5], "texture": "#voxels_atlas"},
				"up": {"uv": [8, 9.5, 8.25, 8.75], "texture": "#voxels_atlas"},
				"down": {"uv": [8.25, 8.75, 8.5, 9.5], "texture": "#voxels_atlas"}
			}
		},
		{
			"name": "Voxels",
			"from": [7.5, 0, -0.5],
			"to": [8, 0.5, 1],
			"faces": {
				"north": {"uv": [9, 11.75, 8.75, 12], "texture": "#voxels_atlas"},
				"east": {"uv": [8.75, 11, 8, 11.25], "texture": "#voxels_atlas"},
				"south": {"uv": [8.75, 11.5, 9, 11.75], "texture": "#voxels_atlas"},
				"west": {"uv": [8, 11.25, 8.75, 11.5], "texture": "#voxels_atlas"},
				"up": {"uv": [8.75, 13.75, 9, 13], "texture": "#voxels_atlas"},
				"down": {"uv": [8.5, 13, 8.75, 13.75], "texture": "#voxels_atlas"}
			}
		},
		{
			"name": "Voxels",
			"from": [7.5, 0.5, -15.5],
			"to": [8, 2.5, -15],
			"faces": {
				"north": {"uv": [7.75, 11.75, 7.5, 12.75], "texture": "#voxels_atlas"},
				"east": {"uv": [6, 9.75, 5.75, 10.75], "texture": "#voxels_atlas"},
				"south": {"uv": [6.25, 8, 6.5, 9], "texture": "#voxels_atlas"},
				"west": {"uv": [6, 8.5, 6.25, 9.5], "texture": "#voxels_atlas"},
				"up": {"uv": [8.75, 10.75, 9, 10.5], "texture": "#voxels_atlas"},
				"down": {"uv": [8.75, 10.75, 9, 11], "texture": "#voxels_atlas"}
			}
		},
		{
			"name": "Voxels",
			"from": [7.5, 0.5, -15],
			"to": [8, 1, -14.5],
			"faces": {
				"north": {"uv": [9, 8, 8.75, 8.25], "texture": "#voxels_atlas"},
				"east": {"uv": [9.75, 13.5, 9.5, 13.75], "texture": "#voxels_atlas"},
				"south": {"uv": [9, 8, 9.25, 8.25], "texture": "#voxels_atlas"},
				"west": {"uv": [9.5, 13.75, 9.75, 14], "texture": "#voxels_atlas"},
				"up": {"uv": [8.75, 8.5, 9, 8.25], "texture": "#voxels_atlas"},
				"down": {"uv": [8.75, 8.5, 9, 8.75], "texture": "#voxels_atlas"}
			}
		},
		{
			"name": "Voxels",
			"from": [7.5, 0.5, -14],
			"to": [8, 1, -7.5],
			"faces": {
				"north": {"uv": [9.75, 12.75, 9.5, 13], "texture": "#voxels_atlas"},
				"east": {"uv": [16, 15.75, 12.75, 16], "texture": "#voxels_atlas"},
				"south": {"uv": [9.5, 12.5, 9.75, 12.75], "texture": "#voxels_atlas"},
				"west": {"uv": [12.75, 15.5, 16, 15.75], "texture": "#voxels_atlas"},
				"up": {"uv": [6.25, 15.5, 6.5, 12.25], "texture": "#voxels_atlas"},
				"down": {"uv": [6.25, 9, 6.5, 12.25], "texture": "#voxels_atlas"}
			}
		},
		{
			"name": "Voxels",
			"from": [7.5, 0.5, -6.5],
			"to": [8, 1, -6],
			"faces": {
				"north": {"uv": [9.75, 11.25, 9.5, 11.5], "texture": "#voxels_atlas"},
				"east": {"uv": [9.75, 10.5, 9.5, 10.75], "texture": "#voxels_atlas"},
				"south": {"uv": [9.5, 11, 9.75, 11.25], "texture": "#voxels_atlas"},
				"west": {"uv": [9.5, 10.75, 9.75, 11], "texture": "#voxels_atlas"},
				"up": {"uv": [9.5, 11.75, 9.75, 11.5], "texture": "#voxels_atlas"},
				"down": {"uv": [9.5, 11.75, 9.75, 12], "texture": "#voxels_atlas"}
			}
		},
		{
			"name": "Voxels",
			"from": [7.5, 0.5, 14],
			"to": [8, 1, 14.5],
			"faces": {
				"north": {"uv": [9.75, 9.75, 9.5, 10], "texture": "#voxels_atlas"},
				"east": {"uv": [9.75, 9, 9.5, 9.25], "texture": "#voxels_atlas"},
				"south": {"uv": [9.5, 9.5, 9.75, 9.75], "texture": "#voxels_atlas"},
				"west": {"uv": [9.5, 9.25, 9.75, 9.5], "texture": "#voxels_atlas"},
				"up": {"uv": [9.5, 10.25, 9.75, 10], "texture": "#voxels_atlas"},
				"down": {"uv": [9.5, 10.25, 9.75, 10.5], "texture": "#voxels_atlas"}
			}
		},
		{
			"name": "Voxels",
			"from": [7.5, 1, 11.5],
			"to": [8, 1.5, 12],
			"faces": {
				"north": {"uv": [9.75, 8.25, 9.5, 8.5], "texture": "#voxels_atlas"},
				"east": {"uv": [11.25, 14.25, 11, 14.5], "texture": "#voxels_atlas"},
				"south": {"uv": [9.5, 8, 9.75, 8.25], "texture": "#voxels_atlas"},
				"west": {"uv": [10.75, 14.25, 11, 14.5], "texture": "#voxels_atlas"},
				"up": {"uv": [9.5, 8.75, 9.75, 8.5], "texture": "#voxels_atlas"},
				"down": {"uv": [9.5, 8.75, 9.75, 9], "texture": "#voxels_atlas"}
			}
		},
		{
			"name": "Voxels",
			"from": [7.5, 1.5, 6.5],
			"to": [8, 2, 7],
			"faces": {
				"north": {"uv": [12, 14.25, 11.75, 14.5], "texture": "#voxels_atlas"},
				"east": {"uv": [15.5, 14, 15.25, 14.25], "texture": "#voxels_atlas"},
				"south": {"uv": [12, 14.25, 12.25, 14.5], "texture": "#voxels_atlas"},
				"west": {"uv": [12.25, 14.25, 12.5, 14.5], "texture": "#voxels_atlas"},
				"up": {"uv": [11.5, 14.5, 11.75, 14.25], "texture": "#voxels_atlas"},
				"down": {"uv": [11.25, 14.25, 11.5, 14.5], "texture": "#voxels_atlas"}
			}
		},
		{
			"name": "Voxels",
			"from": [7.5, 2, -15],
			"to": [8, 2.5, -14.5],
			"faces": {
				"north": {"uv": [13.5, 14.25, 13.25, 14.5], "texture": "#voxels_atlas"},
				"east": {"uv": [14.25, 14.25, 14, 14.5], "texture": "#voxels_atlas"},
				"south": {"uv": [13.5, 14.25, 13.75, 14.5], "texture": "#voxels_atlas"},
				"west": {"uv": [13.75, 14.25, 14, 14.5], "texture": "#voxels_atlas"},
				"up": {"uv": [13, 14.5, 13.25, 14.25], "texture": "#voxels_atlas"},
				"down": {"uv": [12.75, 14.25, 13, 14.5], "texture": "#voxels_atlas"}
			}
		},
		{
			"name": "Voxels",
			"from": [7.5, 2, -14],
			"to": [8, 2.5, -7.5],
			"faces": {
				"north": {"uv": [15, 14.25, 14.75, 14.5], "texture": "#voxels_atlas"},
				"east": {"uv": [9.75, 15.25, 6.5, 15.5], "texture": "#voxels_atlas"},
				"south": {"uv": [15, 14.25, 15.25, 14.5], "texture": "#voxels_atlas"},
				"west": {"uv": [9.75, 15.25, 13, 15.5], "texture": "#voxels_atlas"},
				"up": {"uv": [3, 12, 3.25, 8.75], "texture": "#voxels_atlas"},
				"down": {"uv": [3.25, 8.75, 3.5, 12], "texture": "#voxels_atlas"}
			}
		},
		{
			"name": "Voxels",
			"from": [7.5, 2, -6.5],
			"to": [8, 2.5, -6],
			"faces": {
				"north": {"uv": [10.25, 14, 10, 14.25], "texture": "#voxels_atlas"},
				"east": {"uv": [11, 14, 10.75, 14.25], "texture": "#voxels_atlas"},
				"south": {"uv": [10.25, 14, 10.5, 14.25], "texture": "#voxels_atlas"},
				"west": {"uv": [10.5, 14, 10.75, 14.25], "texture": "#voxels_atlas"},
				"up": {"uv": [9.75, 14.25, 10, 14], "texture": "#voxels_atlas"},
				"down": {"uv": [15.75, 14.25, 16, 14.5], "texture": "#voxels_atlas"}
			}
		},
		{
			"name": "Voxels",
			"from": [7.5, 2, 1],
			"to": [8, 2.5, 1.5],
			"faces": {
				"north": {"uv": [11.75, 14, 11.5, 14.25], "texture": "#voxels_atlas"},
				"east": {"uv": [12.5, 14, 12.25, 14.25], "texture": "#voxels_atlas"},
				"south": {"uv": [11.75, 14, 12, 14.25], "texture": "#voxels_atlas"},
				"west": {"uv": [12, 14, 12.25, 14.25], "texture": "#voxels_atlas"},
				"up": {"uv": [11.25, 14.25, 11.5, 14], "texture": "#voxels_atlas"},
				"down": {"uv": [11, 14, 11.25, 14.25], "texture": "#voxels_atlas"}
			}
		},
		{
			"name": "Voxels",
			"from": [7.5, 2.5, -7],
			"to": [8, 3.5, -6.5],
			"faces": {
				"north": {"uv": [9.5, 10.5, 9.25, 11], "texture": "#voxels_atlas"},
				"east": {"uv": [9.5, 9, 9.25, 9.5], "texture": "#voxels_atlas"},
				"south": {"uv": [9.25, 10, 9.5, 10.5], "texture": "#voxels_atlas"},
				"west": {"uv": [9.25, 9.5, 9.5, 10], "texture": "#voxels_atlas"},
				"up": {"uv": [12.75, 14.25, 13, 14], "texture": "#voxels_atlas"},
				"down": {"uv": [12.5, 14, 12.75, 14.25], "texture": "#voxels_atlas"}
			}
		},
		{
			"name": "Voxels",
			"from": [8.5, -0.5, -7],
			"to": [9, 0.5, -6.5],
			"faces": {
				"north": {"uv": [9.5, 8.5, 9.25, 9], "texture": "#voxels_atlas"},
				"east": {"uv": [9.5, 11, 9.25, 11.5], "texture": "#voxels_atlas"},
				"south": {"uv": [9.25, 8, 9.5, 8.5], "texture": "#voxels_atlas"},
				"west": {"uv": [9.5, 14, 9.75, 14.5], "texture": "#voxels_atlas"},
				"up": {"uv": [14.25, 14.25, 14.5, 14], "texture": "#voxels_atlas"},
				"down": {"uv": [14, 14, 14.25, 14.25], "texture": "#voxels_atlas"}
			}
		},
		{
			"name": "Voxels",
			"from": [8.5, 2.5, -7],
			"to": [10, 3, -6.5],
			"faces": {
				"north": {"uv": [8, 10.25, 7.25, 10.5], "texture": "#voxels_atlas"},
				"east": {"uv": [10, 13, 9.75, 13.25], "texture": "#voxels_atlas"},
				"south": {"uv": [7.25, 10, 8, 10.25], "texture": "#voxels_atlas"},
				"west": {"uv": [9.75, 13.25, 10, 13.5], "texture": "#voxels_atlas"},
				"up": {"uv": [7.25, 10.75, 8, 10.5], "texture": "#voxels_atlas"},
				"down": {"uv": [7.25, 10.75, 8, 11], "texture": "#voxels_atlas"}
			}
		},
		{
			"name": "Voxels",
			"from": [8.5, 3, -7],
			"to": [9, 3.5, -6.5],
			"faces": {
				"north": {"uv": [10, 12.25, 9.75, 12.5], "texture": "#voxels_atlas"},
				"east": {"uv": [10, 11.5, 9.75, 11.75], "texture": "#voxels_atlas"},
				"south": {"uv": [9.75, 12, 10, 12.25], "texture": "#voxels_atlas"},
				"west": {"uv": [9.75, 11.75, 10, 12], "texture": "#voxels_atlas"},
				"up": {"uv": [9.75, 12.75, 10, 12.5], "texture": "#voxels_atlas"},
				"down": {"uv": [9.75, 12.75, 10, 13], "texture": "#voxels_atlas"}
			}
		},
		{
			"name": "Voxels",
			"from": [9, 0, -7],
			"to": [10, 0.5, -6.5],
			"faces": {
				"north": {"uv": [10.25, 14.25, 9.75, 14.5], "texture": "#voxels_atlas"},
				"east": {"uv": [10, 10, 9.75, 10.25], "texture": "#voxels_atlas"},
				"south": {"uv": [10.25, 14.25, 10.75, 14.5], "texture": "#voxels_atlas"},
				"west": {"uv": [9.75, 10.25, 10, 10.5], "texture": "#voxels_atlas"},
				"up": {"uv": [15.5, 14.75, 16, 14.5], "texture": "#voxels_atlas"},
				"down": {"uv": [15, 14.5, 15.5, 14.75], "texture": "#voxels_atlas"}
			}
		},
		{
			"name": "Voxels",
			"from": [9.5, -0.5, -7],
			"to": [10, 0, -6.5],
			"faces": {
				"north": {"uv": [10, 9.25, 9.75, 9.5], "texture": "#voxels_atlas"},
				"east": {"uv": [10, 8.5, 9.75, 8.75], "texture": "#voxels_atlas"},
				"south": {"uv": [9.75, 9, 10, 9.25], "texture": "#voxels_atlas"},
				"west": {"uv": [9.75, 8.75, 10, 9], "texture": "#voxels_atlas"},
				"up": {"uv": [9.75, 9.75, 10, 9.5], "texture": "#voxels_atlas"},
				"down": {"uv": [9.75, 9.75, 10, 10], "texture": "#voxels_atlas"}
			}
		},
		{
			"name": "Voxels",
			"from": [9.5, 1.5, -7],
			"to": [10.5, 2, -6.5],
			"faces": {
				"north": {"uv": [11, 14.5, 10.5, 14.75], "texture": "#voxels_atlas"},
				"east": {"uv": [11, 13.75, 10.75, 14], "texture": "#voxels_atlas"},
				"south": {"uv": [11, 14.5, 11.5, 14.75], "texture": "#voxels_atlas"},
				"west": {"uv": [10.5, 13.75, 10.75, 14], "texture": "#voxels_atlas"},
				"up": {"uv": [15.5, 15.25, 16, 15], "texture": "#voxels_atlas"},
				"down": {"uv": [5.75, 9.5, 6.25, 9.75], "texture": "#voxels_atlas"}
			}
		},
		{
			"name": "Voxels",
			"from": [9.5, 3, -7],
			"to": [10, 3.5, -6.5],
			"faces": {
				"north": {"uv": [11.75, 13.75, 11.5, 14], "texture": "#voxels_atlas"},
				"east": {"uv": [12.5, 13.75, 12.25, 14], "texture": "#voxels_atlas"},
				"south": {"uv": [11.75, 13.75, 12, 14], "texture": "#voxels_atlas"},
				"west": {"uv": [12, 13.75, 12.25, 14], "texture": "#voxels_atlas"},
				"up": {"uv": [11.25, 14, 11.5, 13.75], "texture": "#voxels_atlas"},
				"down": {"uv": [11, 13.75, 11.25, 14], "texture": "#voxels_atlas"}
			}
		}
	],
	"display": {
		"thirdperson_righthand": {
			"rotation": [93, 0, 0],
			"translation": [0, -9.5, 6.25],
			"scale": [0.8, 0.8, 0.79]
		},
		"thirdperson_lefthand": {
			"rotation": [93, 0, 0],
			"translation": [0, -11.25, 6.25],
			"scale": [0.8, 0.8, 0.79]
		},
		"firstperson_righthand": {
			"rotation": [32, 0, 5],
			"translation": [15, -6.5, 3]
		},
		"firstperson_lefthand": {
			"rotation": [32, 0, 5],
			"translation": [15, -6.5, 3]
		},
		"ground": {
			"translation": [0, 6, 7.75]
		},
		"gui": {
			"rotation": [87, 50, 80],
			"translation": [1.5, -9.75, 0]
		}
	}
}