{
	"credit": "Made For Space QQ498328849",
	"textures": {
		"voxels_atlas": "items/atou1"
	},
	"elements": [
		{
			"name": "Voxels",
			"from": [-1, 7, 4],
			"to": [15, 9, 9],
			"faces": {
				"north": {"uv": [6.5, 13.5, 4.5, 13.75], "texture": "#voxels_atlas"},
				"east": {"uv": [7.875, 10.875, 7.25, 11.125], "texture": "#voxels_atlas"},
				"south": {"uv": [1.375, 13.25, 3.375, 13.5], "texture": "#voxels_atlas"},
				"west": {"uv": [7.25, 10.625, 7.875, 10.875], "texture": "#voxels_atlas"},
				"up": {"uv": [4.25, 16, 6.25, 15.375], "texture": "#voxels_atlas"},
				"down": {"uv": [2.25, 15.375, 4.25, 16], "texture": "#voxels_atlas"}
			}
		},
		{
			"name": "Voxels",
			"from": [-1, 9, 6],
			"to": [16, 11, 7],
			"faces": {
				"north": {"uv": [6.625, 14, 4.5, 14.25], "texture": "#voxels_atlas"},
				"east": {"uv": [6.625, 13.5, 6.5, 13.75], "texture": "#voxels_atlas"},
				"south": {"uv": [4.5, 13.75, 6.625, 14], "texture": "#voxels_atlas"},
				"west": {"uv": [7.875, 8.5, 8, 8.75], "texture": "#voxels_atlas"},
				"up": {"uv": [0.875, 12.625, 3, 12.5], "texture": "#voxels_atlas"},
				"down": {"uv": [3.875, 12.625, 6, 12.75], "texture": "#voxels_atlas"}
			}
		},
		{
			"name": "Voxels",
			"from": [-1, 10, 5],
			"to": [16, 11, 6],
			"faces": {
				"north": {"uv": [6, 12.75, 3.875, 12.875], "texture": "#voxels_atlas"},
				"east": {"uv": [4.5, 10.75, 4.375, 10.875], "texture": "#voxels_atlas"},
				"south": {"uv": [3, 12.375, 5.125, 12.5], "texture": "#voxels_atlas"},
				"west": {"uv": [7.125, 12.25, 7.25, 12.375], "texture": "#voxels_atlas"},
				"up": {"uv": [0.875, 12.375, 3, 12.25], "texture": "#voxels_atlas"},
				"down": {"uv": [0.875, 12.375, 3, 12.5], "texture": "#voxels_atlas"}
			}
		},
		{
			"name": "Voxels",
			"from": [-1, 10, 7],
			"to": [16, 11, 8],
			"faces": {
				"north": {"uv": [5.125, 12.5, 3, 12.625], "texture": "#voxels_atlas"},
				"east": {"uv": [8, 10.5, 7.875, 10.625], "texture": "#voxels_atlas"},
				"south": {"uv": [3, 12.25, 5.125, 12.375], "texture": "#voxels_atlas"},
				"west": {"uv": [4.375, 10.625, 4.5, 10.75], "texture": "#voxels_atlas"},
				"up": {"uv": [5.125, 12.5, 7.25, 12.375], "texture": "#voxels_atlas"},
				"down": {"uv": [5.125, 12.5, 7.25, 12.625], "texture": "#voxels_atlas"}
			}
		},
		{
			"name": "Voxels",
			"from": [0, 6, 4],
			"to": [1, 7, 5],
			"faces": {
				"north": {"uv": [1.5, 8.75, 1.375, 8.875], "texture": "#voxels_atlas"},
				"east": {"uv": [2.125, 8.75, 2, 8.875], "texture": "#voxels_atlas"},
				"south": {"uv": [1.5, 8.75, 1.625, 8.875], "texture": "#voxels_atlas"},
				"west": {"uv": [1.875, 8.75, 2, 8.875], "texture": "#voxels_atlas"},
				"up": {"uv": [1.25, 8.875, 1.375, 8.75], "texture": "#voxels_atlas"},
				"down": {"uv": [5.25, 9.5, 5.375, 9.625], "texture": "#voxels_atlas"}
			}
		},
		{
			"name": "Voxels",
			"from": [0, 6, 8],
			"to": [1, 7, 9],
			"faces": {
				"north": {"uv": [2.5, 8.75, 2.375, 8.875], "texture": "#voxels_atlas"},
				"east": {"uv": [2.875, 8.75, 2.75, 8.875], "texture": "#voxels_atlas"},
				"south": {"uv": [2.5, 8.75, 2.625, 8.875], "texture": "#voxels_atlas"},
				"west": {"uv": [2.625, 8.75, 2.75, 8.875], "texture": "#voxels_atlas"},
				"up": {"uv": [2.25, 8.875, 2.375, 8.75], "texture": "#voxels_atlas"},
				"down": {"uv": [2.125, 8.75, 2.25, 8.875], "texture": "#voxels_atlas"}
			}
		},
		{
			"name": "Voxels",
			"from": [0, 7, 3],
			"to": [14, 9, 4],
			"faces": {
				"north": {"uv": [3.5, 12.875, 1.75, 13.125], "texture": "#voxels_atlas"},
				"east": {"uv": [6.375, 8.75, 6.25, 9], "texture": "#voxels_atlas"},
				"south": {"uv": [3.5, 12.875, 5.25, 13.125], "texture": "#voxels_atlas"},
				"west": {"uv": [5.75, 8.75, 5.875, 9], "texture": "#voxels_atlas"},
				"up": {"uv": [3.5, 11.75, 5.25, 11.625], "texture": "#voxels_atlas"},
				"down": {"uv": [1.75, 11.625, 3.5, 11.75], "texture": "#voxels_atlas"}
			}
		},
		{
			"name": "Voxels",
			"from": [0, 7, 9],
			"to": [14, 9, 10],
			"faces": {
				"north": {"uv": [1.75, 12.875, 0, 13.125], "texture": "#voxels_atlas"},
				"east": {"uv": [7, 8.75, 6.875, 9], "texture": "#voxels_atlas"},
				"south": {"uv": [5.25, 12.875, 7, 13.125], "texture": "#voxels_atlas"},
				"west": {"uv": [6.375, 8.75, 6.5, 9], "texture": "#voxels_atlas"},
				"up": {"uv": [0, 11.75, 1.75, 11.625], "texture": "#voxels_atlas"},
				"down": {"uv": [5.25, 11.625, 7, 11.75], "texture": "#voxels_atlas"}
			}
		},
		{
			"name": "Voxels",
			"from": [0, 9, 4],
			"to": [15, 10, 6],
			"faces": {
				"north": {"uv": [3.75, 11.75, 1.875, 11.875], "texture": "#voxels_atlas"},
				"east": {"uv": [6.125, 8.375, 5.875, 8.5], "texture": "#voxels_atlas"},
				"south": {"uv": [0, 11.75, 1.875, 11.875], "texture": "#voxels_atlas"},
				"west": {"uv": [5.875, 8.5, 6.125, 8.625], "texture": "#voxels_atlas"},
				"up": {"uv": [3.375, 13.5, 5.25, 13.25], "texture": "#voxels_atlas"},
				"down": {"uv": [5.25, 13.25, 7.125, 13.5], "texture": "#voxels_atlas"}
			}
		},
		{
			"name": "Voxels",
			"from": [0, 9, 7],
			"to": [16, 10, 8],
			"faces": {
				"north": {"uv": [8, 12.75, 6, 12.875], "texture": "#voxels_atlas"},
				"east": {"uv": [4.375, 8.75, 4.25, 8.875], "texture": "#voxels_atlas"},
				"south": {"uv": [6, 12.625, 8, 12.75], "texture": "#voxels_atlas"},
				"west": {"uv": [2.875, 8.75, 3, 8.875], "texture": "#voxels_atlas"},
				"up": {"uv": [1.375, 13.25, 3.375, 13.125], "texture": "#voxels_atlas"},
				"down": {"uv": [5.125, 12.25, 7.125, 12.375], "texture": "#voxels_atlas"}
			}
		},
		{
			"name": "Voxels",
			"from": [0, 9, 8],
			"to": [15, 10, 9],
			"faces": {
				"north": {"uv": [5.625, 11.75, 3.75, 11.875], "texture": "#voxels_atlas"},
				"east": {"uv": [5.125, 8.75, 5, 8.875], "texture": "#voxels_atlas"},
				"south": {"uv": [1.875, 11.875, 3.75, 12], "texture": "#voxels_atlas"},
				"west": {"uv": [4.875, 8.75, 5, 8.875], "texture": "#voxels_atlas"},
				"up": {"uv": [5.25, 13.25, 7.125, 13.125], "texture": "#voxels_atlas"},
				"down": {"uv": [3.375, 13.125, 5.25, 13.25], "texture": "#voxels_atlas"}
			}
		},
		{
			"name": "Voxels",
			"from": [1, 10, 4],
			"to": [16, 11, 5],
			"faces": {
				"north": {"uv": [6.75, 12.125, 4.875, 12.25], "texture": "#voxels_atlas"},
				"east": {"uv": [5.625, 8.75, 5.5, 8.875], "texture": "#voxels_atlas"},
				"south": {"uv": [4.875, 12, 6.75, 12.125], "texture": "#voxels_atlas"},
				"west": {"uv": [5.375, 8.75, 5.5, 8.875], "texture": "#voxels_atlas"},
				"up": {"uv": [3, 12.125, 4.875, 12], "texture": "#voxels_atlas"},
				"down": {"uv": [3, 12.125, 4.875, 12.25], "texture": "#voxels_atlas"}
			}
		},
		{
			"name": "Voxels",
			"from": [1, 10, 8],
			"to": [16, 11, 9],
			"faces": {
				"north": {"uv": [5.625, 11.875, 3.75, 12], "texture": "#voxels_atlas"},
				"east": {"uv": [5.125, 8.5, 5, 8.625], "texture": "#voxels_atlas"},
				"south": {"uv": [5.625, 11.875, 7.5, 12], "texture": "#voxels_atlas"},
				"west": {"uv": [5.625, 8.75, 5.75, 8.875], "texture": "#voxels_atlas"},
				"up": {"uv": [5.625, 11.875, 7.5, 11.75], "texture": "#voxels_atlas"},
				"down": {"uv": [0, 11.875, 1.875, 12], "texture": "#voxels_atlas"}
			}
		},
		{
			"name": "Voxels",
			"from": [2, 6, 2],
			"to": [13, 10, 3],
			"faces": {
				"north": {"uv": [5.625, 14.875, 4.25, 15.375], "texture": "#voxels_atlas"},
				"east": {"uv": [4.375, 8.875, 4.25, 9.375], "texture": "#voxels_atlas"},
				"south": {"uv": [2.25, 14.875, 3.625, 15.375], "texture": "#voxels_atlas"},
				"west": {"uv": [2.625, 8.875, 2.75, 9.375], "texture": "#voxels_atlas"},
				"up": {"uv": [3, 10.875, 4.375, 10.75], "texture": "#voxels_atlas"},
				"down": {"uv": [4.5, 10.75, 5.875, 10.875], "texture": "#voxels_atlas"}
			}
		},
		{
			"name": "Voxels",
			"from": [2, 6, 3],
			"to": [14, 7, 4],
			"faces": {
				"north": {"uv": [3, 11, 1.5, 11.125], "texture": "#voxels_atlas"},
				"east": {"uv": [6.75, 8.375, 6.625, 8.5], "texture": "#voxels_atlas"},
				"south": {"uv": [1.5, 10.875, 3, 11], "texture": "#voxels_atlas"},
				"west": {"uv": [5, 8.375, 5.125, 8.5], "texture": "#voxels_atlas"},
				"up": {"uv": [6, 11.25, 7.5, 11.125], "texture": "#voxels_atlas"},
				"down": {"uv": [4.5, 11.125, 6, 11.25], "texture": "#voxels_atlas"}
			}
		},
		{
			"name": "Voxels",
			"from": [2, 6, 9],
			"to": [14, 7, 10],
			"faces": {
				"north": {"uv": [4.5, 11, 3, 11.125], "texture": "#voxels_atlas"},
				"east": {"uv": [7, 8.375, 6.875, 8.5], "texture": "#voxels_atlas"},
				"south": {"uv": [3, 10.875, 4.5, 11], "texture": "#voxels_atlas"},
				"west": {"uv": [6.75, 8.375, 6.875, 8.5], "texture": "#voxels_atlas"},
				"up": {"uv": [1.5, 10.75, 3, 10.625], "texture": "#voxels_atlas"},
				"down": {"uv": [1.5, 10.75, 3, 10.875], "texture": "#voxels_atlas"}
			}
		},
		{
			"name": "Voxels",
			"from": [2, 6, 10],
			"to": [13, 10, 11],
			"faces": {
				"north": {"uv": [2.875, 14.375, 1.5, 14.875], "texture": "#voxels_atlas"},
				"east": {"uv": [5.125, 8.875, 5, 9.375], "texture": "#voxels_atlas"},
				"south": {"uv": [6.25, 14.875, 7.625, 15.375], "texture": "#voxels_atlas"},
				"west": {"uv": [4.875, 8.875, 5, 9.375], "texture": "#voxels_atlas"},
				"up": {"uv": [2.75, 10.625, 4.125, 10.5], "texture": "#voxels_atlas"},
				"down": {"uv": [4.5, 10.625, 5.875, 10.75], "texture": "#voxels_atlas"}
			}
		},
		{
			"name": "Voxels",
			"from": [2, 7, 1],
			"to": [13, 10, 2],
			"faces": {
				"north": {"uv": [7.5, 14.5, 6.125, 14.875], "texture": "#voxels_atlas"},
				"east": {"uv": [0.875, 8.375, 0.75, 8.75], "texture": "#voxels_atlas"},
				"south": {"uv": [6.625, 13.875, 8, 14.25], "texture": "#voxels_atlas"},
				"west": {"uv": [0.625, 8.375, 0.75, 8.75], "texture": "#voxels_atlas"},
				"up": {"uv": [0, 10.625, 1.375, 10.5], "texture": "#voxels_atlas"},
				"down": {"uv": [5.875, 10.625, 7.25, 10.75], "texture": "#voxels_atlas"}
			}
		},
		{
			"name": "Voxels",
			"from": [2, 7, 11],
			"to": [13, 10, 12],
			"faces": {
				"north": {"uv": [1.375, 13.125, 0, 13.5], "texture": "#voxels_atlas"},
				"east": {"uv": [1.125, 8.375, 1, 8.75], "texture": "#voxels_atlas"},
				"south": {"uv": [6.625, 13.5, 8, 13.875], "texture": "#voxels_atlas"},
				"west": {"uv": [0.875, 8.375, 1, 8.75], "texture": "#voxels_atlas"},
				"up": {"uv": [3, 10.75, 4.375, 10.625], "texture": "#voxels_atlas"},
				"down": {"uv": [5.875, 10.75, 7.25, 10.875], "texture": "#voxels_atlas"}
			}
		},
		{
			"name": "Voxels",
			"from": [2, 9, 3],
			"to": [15, 10, 4],
			"faces": {
				"north": {"uv": [4.875, 11.5, 3.25, 11.625], "texture": "#voxels_atlas"},
				"east": {"uv": [7.25, 8.375, 7.125, 8.5], "texture": "#voxels_atlas"},
				"south": {"uv": [4.875, 11.375, 6.5, 11.5], "texture": "#voxels_atlas"},
				"west": {"uv": [7, 8.375, 7.125, 8.5], "texture": "#voxels_atlas"},
				"up": {"uv": [0, 11.625, 1.625, 11.5], "texture": "#voxels_atlas"},
				"down": {"uv": [0, 11.375, 1.625, 11.5], "texture": "#voxels_atlas"}
			}
		},
		{
			"name": "Voxels",
			"from": [2, 9, 9],
			"to": [15, 10, 10],
			"faces": {
				"north": {"uv": [3.25, 11.375, 1.625, 11.5], "texture": "#voxels_atlas"},
				"east": {"uv": [7.5, 8.375, 7.375, 8.5], "texture": "#voxels_atlas"},
				"south": {"uv": [1.625, 11.5, 3.25, 11.625], "texture": "#voxels_atlas"},
				"west": {"uv": [7.25, 8.375, 7.375, 8.5], "texture": "#voxels_atlas"},
				"up": {"uv": [3.25, 11.5, 4.875, 11.375], "texture": "#voxels_atlas"},
				"down": {"uv": [4.875, 11.5, 6.5, 11.625], "texture": "#voxels_atlas"}
			}
		},
		{
			"name": "Voxels",
			"from": [12, 6, 4],
			"to": [15, 7, 9],
			"faces": {
				"north": {"uv": [8, 11.5, 6.5, 11.625], "texture": "#voxels_atlas"},
				"east": {"uv": [4.625, 9.375, 4, 9.5], "texture": "#voxels_atlas"},
				"south": {"uv": [6.5, 11.375, 8, 11.5], "texture": "#voxels_atlas"},
				"west": {"uv": [4.625, 9.375, 5.25, 9.5], "texture": "#voxels_atlas"},
				"up": {"uv": [0, 14.875, 1.5, 14.25], "texture": "#voxels_atlas"},
				"down": {"uv": [6.25, 15.375, 7.75, 16], "texture": "#voxels_atlas"}
			}
		},
		{
			"name": "Voxels",
			"from": [3, 11, 5],
			"to": [16, 13, 8],
			"faces": {
				"north": {"uv": [4.5, 14.25, 2.875, 14.5], "texture": "#voxels_atlas"},
				"east": {"uv": [6.125, 9.5, 5.75, 9.75], "texture": "#voxels_atlas"},
				"south": {"uv": [4.5, 14.25, 6.125, 14.5], "texture": "#voxels_atlas"},
				"west": {"uv": [6.875, 9.5, 7.25, 9.75], "texture": "#voxels_atlas"},
				"up": {"uv": [2.875, 14.875, 4.5, 14.5], "texture": "#voxels_atlas"},
				"down": {"uv": [4.5, 14.5, 6.125, 14.875], "texture": "#voxels_atlas"}
			}
		},
		{
			"name": "Voxels",
			"from": [3, 12, 4],
			"to": [15, 13, 5],
			"faces": {
				"north": {"uv": [4.5, 11.25, 3, 11.375], "texture": "#voxels_atlas"},
				"east": {"uv": [7.75, 8.375, 7.625, 8.5], "texture": "#voxels_atlas"},
				"south": {"uv": [4.5, 11.25, 6, 11.375], "texture": "#voxels_atlas"},
				"west": {"uv": [7.5, 8.375, 7.625, 8.5], "texture": "#voxels_atlas"},
				"up": {"uv": [1.5, 11.375, 3, 11.25], "texture": "#voxels_atlas"},
				"down": {"uv": [0, 11.25, 1.5, 11.375], "texture": "#voxels_atlas"}
			}
		},
		{
			"name": "Voxels",
			"from": [3, 12, 8],
			"to": [15, 13, 9],
			"faces": {
				"north": {"uv": [3, 11.125, 1.5, 11.25], "texture": "#voxels_atlas"},
				"east": {"uv": [8, 8.125, 7.875, 8.25], "texture": "#voxels_atlas"},
				"south": {"uv": [3, 11.125, 4.5, 11.25], "texture": "#voxels_atlas"},
				"west": {"uv": [7.875, 8.25, 8, 8.375], "texture": "#voxels_atlas"},
				"up": {"uv": [0, 11.25, 1.5, 11.125], "texture": "#voxels_atlas"},
				"down": {"uv": [6, 11.25, 7.5, 11.375], "texture": "#voxels_atlas"}
			}
		},
		{
			"name": "Voxels",
			"from": [4, 1, 1],
			"to": [7, 5, 2],
			"faces": {
				"north": {"uv": [7.875, 14.375, 7.5, 14.875], "texture": "#voxels_atlas"},
				"east": {"uv": [2.375, 8.875, 2.25, 9.375], "texture": "#voxels_atlas"},
				"south": {"uv": [0, 10.625, 0.375, 11.125], "texture": "#voxels_atlas"},
				"west": {"uv": [2.125, 8.875, 2.25, 9.375], "texture": "#voxels_atlas"},
				"up": {"uv": [1, 9.625, 1.375, 9.5], "texture": "#voxels_atlas"},
				"down": {"uv": [1.875, 8.5, 2.25, 8.625], "texture": "#voxels_atlas"}
			}
		},
		{
			"name": "Voxels",
			"from": [4, 1, 11],
			"to": [7, 5, 12],
			"faces": {
				"north": {"uv": [1.5, 10.625, 1.125, 11.125], "texture": "#voxels_atlas"},
				"east": {"uv": [3, 8.875, 2.875, 9.375], "texture": "#voxels_atlas"},
				"south": {"uv": [7.625, 14.875, 8, 15.375], "texture": "#voxels_atlas"},
				"west": {"uv": [2.75, 8.875, 2.875, 9.375], "texture": "#voxels_atlas"},
				"up": {"uv": [2.5, 8.75, 2.875, 8.625], "texture": "#voxels_atlas"},
				"down": {"uv": [1.875, 8.375, 2.25, 8.5], "texture": "#voxels_atlas"}
			}
		},
		{
			"name": "Voxels",
			"from": [4, 8, 0],
			"to": [11, 9, 1],
			"faces": {
				"north": {"uv": [5.375, 9.75, 4.5, 9.875], "texture": "#voxels_atlas"},
				"east": {"uv": [3, 8, 2.875, 8.125], "texture": "#voxels_atlas"},
				"south": {"uv": [4.5, 9.625, 5.375, 9.75], "texture": "#voxels_atlas"},
				"west": {"uv": [2.75, 8, 2.875, 8.125], "texture": "#voxels_atlas"},
				"up": {"uv": [7.125, 10.5, 8, 10.375], "texture": "#voxels_atlas"},
				"down": {"uv": [4.5, 10, 5.375, 10.125], "texture": "#voxels_atlas"}
			}
		},
		{
			"name": "Voxels",
			"from": [4, 8, 12],
			"to": [11, 9, 13],
			"faces": {
				"north": {"uv": [5.375, 9.875, 4.5, 10], "texture": "#voxels_atlas"},
				"east": {"uv": [3.25, 8, 3.125, 8.125], "texture": "#voxels_atlas"},
				"south": {"uv": [3.625, 10, 4.5, 10.125], "texture": "#voxels_atlas"},
				"west": {"uv": [3, 8, 3.125, 8.125], "texture": "#voxels_atlas"},
				"up": {"uv": [3.625, 9.75, 4.5, 9.625], "texture": "#voxels_atlas"},
				"down": {"uv": [3.625, 9.75, 4.5, 9.875], "texture": "#voxels_atlas"}
			}
		},
		{
			"name": "Voxels",
			"from": [4, 9, 0],
			"to": [7, 11, 1],
			"faces": {
				"north": {"uv": [5.75, 9.625, 5.375, 9.875], "texture": "#voxels_atlas"},
				"east": {"uv": [0.75, 8.125, 0.625, 8.375], "texture": "#voxels_atlas"},
				"south": {"uv": [5.75, 9.75, 6.125, 10], "texture": "#voxels_atlas"},
				"west": {"uv": [0.5, 8.125, 0.625, 8.375], "texture": "#voxels_atlas"},
				"up": {"uv": [3, 8.5, 3.375, 8.375], "texture": "#voxels_atlas"},
				"down": {"uv": [3, 8.5, 3.375, 8.625], "texture": "#voxels_atlas"}
			}
		},
		{
			"name": "Voxels",
			"from": [4, 9, 12],
			"to": [7, 11, 13],
			"faces": {
				"north": {"uv": [6.875, 9.75, 6.5, 10], "texture": "#voxels_atlas"},
				"east": {"uv": [1, 8.125, 0.875, 8.375], "texture": "#voxels_atlas"},
				"south": {"uv": [6.5, 9.5, 6.875, 9.75], "texture": "#voxels_atlas"},
				"west": {"uv": [0.75, 8.125, 0.875, 8.375], "texture": "#voxels_atlas"},
				"up": {"uv": [3.75, 8.75, 4.125, 8.625], "texture": "#voxels_atlas"},
				"down": {"uv": [3.375, 8.375, 3.75, 8.5], "texture": "#voxels_atlas"}
			}
		},
		{
			"name": "Voxels",
			"from": [4, 10, 1],
			"to": [9, 11, 4],
			"faces": {
				"north": {"uv": [2.75, 9.375, 2.125, 9.5], "texture": "#voxels_atlas"},
				"east": {"uv": [4.625, 8.625, 4.25, 8.75], "texture": "#voxels_atlas"},
				"south": {"uv": [3.375, 9.375, 4, 9.5], "texture": "#voxels_atlas"},
				"west": {"uv": [3.75, 8.375, 4.125, 8.5], "texture": "#voxels_atlas"},
				"up": {"uv": [5.625, 15.375, 6.25, 15], "texture": "#voxels_atlas"},
				"down": {"uv": [3.625, 15, 4.25, 15.375], "texture": "#voxels_atlas"}
			}
		},
		{
			"name": "Voxels",
			"from": [4, 10, 9],
			"to": [15, 11, 11],
			"faces": {
				"north": {"uv": [7.25, 11, 5.875, 11.125], "texture": "#voxels_atlas"},
				"east": {"uv": [8, 8.375, 7.75, 8.5], "texture": "#voxels_atlas"},
				"south": {"uv": [5.875, 10.875, 7.25, 11], "texture": "#voxels_atlas"},
				"west": {"uv": [6.375, 8.375, 6.625, 8.5], "texture": "#voxels_atlas"},
				"up": {"uv": [6.125, 14.5, 7.5, 14.25], "texture": "#voxels_atlas"},
				"down": {"uv": [0, 12.625, 1.375, 12.875], "texture": "#voxels_atlas"}
			}
		},
		{
			"name": "Voxels",
			"from": [4, 10, 11],
			"to": [9, 11, 12],
			"faces": {
				"north": {"uv": [7.75, 9.375, 7.125, 9.5], "texture": "#voxels_atlas"},
				"east": {"uv": [3.5, 8, 3.375, 8.125], "texture": "#voxels_atlas"},
				"south": {"uv": [2.75, 9.375, 3.375, 9.5], "texture": "#voxels_atlas"},
				"west": {"uv": [3.25, 8, 3.375, 8.125], "texture": "#voxels_atlas"},
				"up": {"uv": [5.25, 9.5, 5.875, 9.375], "texture": "#voxels_atlas"},
				"down": {"uv": [1.5, 9.375, 2.125, 9.5], "texture": "#voxels_atlas"}
			}
		},
		{
			"name": "Voxels",
			"from": [4, 11, 2],
			"to": [13, 12, 3],
			"faces": {
				"north": {"uv": [5.875, 10.125, 4.75, 10.25], "texture": "#voxels_atlas"},
				"east": {"uv": [3.75, 8, 3.625, 8.125], "texture": "#voxels_atlas"},
				"south": {"uv": [5.875, 10.25, 7, 10.375], "texture": "#voxels_atlas"},
				"west": {"uv": [3.5, 8, 3.625, 8.125], "texture": "#voxels_atlas"},
				"up": {"uv": [2.5, 10.25, 3.625, 10.125], "texture": "#voxels_atlas"},
				"down": {"uv": [1, 10, 2.125, 10.125], "texture": "#voxels_atlas"}
			}
		},
		{
			"name": "Voxels",
			"from": [4, 11, 10],
			"to": [13, 12, 11],
			"faces": {
				"north": {"uv": [4.875, 10.375, 3.75, 10.5], "texture": "#voxels_atlas"},
				"east": {"uv": [4, 8, 3.875, 8.125], "texture": "#voxels_atlas"},
				"south": {"uv": [2.5, 10.25, 3.625, 10.375], "texture": "#voxels_atlas"},
				"west": {"uv": [3.75, 8, 3.875, 8.125], "texture": "#voxels_atlas"},
				"up": {"uv": [3.625, 10.25, 4.75, 10.125], "texture": "#voxels_atlas"},
				"down": {"uv": [3.625, 10.25, 4.75, 10.375], "texture": "#voxels_atlas"}
			}
		},
		{
			"name": "Voxels",
			"from": [4, 12, 2],
			"to": [10, 13, 4],
			"faces": {
				"north": {"uv": [8, 12.25, 7.25, 12.375], "texture": "#voxels_atlas"},
				"east": {"uv": [2, 8.125, 1.75, 8.25], "texture": "#voxels_atlas"},
				"south": {"uv": [2.875, 9.875, 3.625, 10], "texture": "#voxels_atlas"},
				"west": {"uv": [1.75, 8.25, 2, 8.375], "texture": "#voxels_atlas"},
				"up": {"uv": [6.75, 12.25, 7.5, 12], "texture": "#voxels_atlas"},
				"down": {"uv": [7.25, 12.375, 8, 12.625], "texture": "#voxels_atlas"}
			}
		},
		{
			"name": "Voxels",
			"from": [4, 12, 9],
			"to": [13, 13, 10],
			"faces": {
				"north": {"uv": [7.125, 10.375, 6, 10.5], "texture": "#voxels_atlas"},
				"east": {"uv": [4.25, 8, 4.125, 8.125], "texture": "#voxels_atlas"},
				"south": {"uv": [4.75, 10.25, 5.875, 10.375], "texture": "#voxels_atlas"},
				"west": {"uv": [4, 8, 4.125, 8.125], "texture": "#voxels_atlas"},
				"up": {"uv": [5.875, 10.25, 7, 10.125], "texture": "#voxels_atlas"},
				"down": {"uv": [4.875, 10.375, 6, 10.5], "texture": "#voxels_atlas"}
			}
		},
		{
			"name": "Voxels",
			"from": [4, 12, 10],
			"to": [10, 13, 11],
			"faces": {
				"north": {"uv": [1.5, 9.375, 0.75, 9.5], "texture": "#voxels_atlas"},
				"east": {"uv": [4.5, 8, 4.375, 8.125], "texture": "#voxels_atlas"},
				"south": {"uv": [5.75, 10, 6.5, 10.125], "texture": "#voxels_atlas"},
				"west": {"uv": [4.25, 8, 4.375, 8.125], "texture": "#voxels_atlas"},
				"up": {"uv": [7.25, 10.125, 8, 10], "texture": "#voxels_atlas"},
				"down": {"uv": [0, 9.375, 0.75, 9.5], "texture": "#voxels_atlas"}
			}
		},
		{
			"name": "Voxels",
			"from": [5, 3, 0],
			"to": [7, 5, 1],
			"faces": {
				"north": {"uv": [7.875, 9.5, 7.625, 9.75], "texture": "#voxels_atlas"},
				"east": {"uv": [3, 8.125, 2.875, 8.375], "texture": "#voxels_atlas"},
				"south": {"uv": [1.625, 9.125, 1.875, 9.375], "texture": "#voxels_atlas"},
				"west": {"uv": [2.75, 8.125, 2.875, 8.375], "texture": "#voxels_atlas"},
				"up": {"uv": [2.5, 8.25, 2.75, 8.125], "texture": "#voxels_atlas"},
				"down": {"uv": [2.5, 8.25, 2.75, 8.375], "texture": "#voxels_atlas"}
			}
		},
		{
			"name": "Voxels",
			"from": [5, 3, 12],
			"to": [7, 5, 13],
			"faces": {
				"north": {"uv": [1.875, 8.875, 1.625, 9.125], "texture": "#voxels_atlas"},
				"east": {"uv": [3.5, 8.125, 3.375, 8.375], "texture": "#voxels_atlas"},
				"south": {"uv": [3, 9.125, 3.25, 9.375], "texture": "#voxels_atlas"},
				"west": {"uv": [3.25, 8.125, 3.375, 8.375], "texture": "#voxels_atlas"},
				"up": {"uv": [3, 8.25, 3.25, 8.125], "texture": "#voxels_atlas"},
				"down": {"uv": [3, 8.25, 3.25, 8.375], "texture": "#voxels_atlas"}
			}
		},
		{
			"name": "Voxels",
			"from": [5, 5, 1],
			"to": [13, 7, 2],
			"faces": {
				"north": {"uv": [3, 12, 2, 12.25], "texture": "#voxels_atlas"},
				"east": {"uv": [3.75, 8.125, 3.625, 8.375], "texture": "#voxels_atlas"},
				"south": {"uv": [0, 12, 1, 12.25], "texture": "#voxels_atlas"},
				"west": {"uv": [3.5, 8.125, 3.625, 8.375], "texture": "#voxels_atlas"},
				"up": {"uv": [7, 10.375, 8, 10.25], "texture": "#voxels_atlas"},
				"down": {"uv": [7, 10.125, 8, 10.25], "texture": "#voxels_atlas"}
			}
		},
		{
			"name": "Voxels",
			"from": [5, 5, 11],
			"to": [13, 7, 12],
			"faces": {
				"north": {"uv": [8, 12.875, 7, 13.125], "texture": "#voxels_atlas"},
				"east": {"uv": [8, 10.625, 7.875, 10.875], "texture": "#voxels_atlas"},
				"south": {"uv": [1, 12, 2, 12.25], "texture": "#voxels_atlas"},
				"west": {"uv": [7.875, 9.5, 8, 9.75], "texture": "#voxels_atlas"},
				"up": {"uv": [2.625, 10.125, 3.625, 10], "texture": "#voxels_atlas"},
				"down": {"uv": [7, 11.625, 8, 11.75], "texture": "#voxels_atlas"}
			}
		},
		{
			"name": "Voxels",
			"from": [5, 11, 3],
			"to": [15, 12, 5],
			"faces": {
				"north": {"uv": [2.5, 10.375, 1.25, 10.5], "texture": "#voxels_atlas"},
				"east": {"uv": [3.5, 8.75, 3.25, 8.875], "texture": "#voxels_atlas"},
				"south": {"uv": [0, 10.375, 1.25, 10.5], "texture": "#voxels_atlas"},
				"west": {"uv": [3.5, 8.75, 3.75, 8.875], "texture": "#voxels_atlas"},
				"up": {"uv": [1.375, 12.875, 2.625, 12.625], "texture": "#voxels_atlas"},
				"down": {"uv": [2.625, 12.625, 3.875, 12.875], "texture": "#voxels_atlas"}
			}
		},
		{
			"name": "Voxels",
			"from": [5, 11, 8],
			"to": [16, 12, 9],
			"faces": {
				"north": {"uv": [2.875, 14.25, 1.5, 14.375], "texture": "#voxels_atlas"},
				"east": {"uv": [2.625, 7.875, 2.5, 8], "texture": "#voxels_atlas"},
				"south": {"uv": [1.375, 10.5, 2.75, 10.625], "texture": "#voxels_atlas"},
				"west": {"uv": [2.625, 7.875, 2.75, 8], "texture": "#voxels_atlas"},
				"up": {"uv": [4.5, 11, 5.875, 10.875], "texture": "#voxels_atlas"},
				"down": {"uv": [4.5, 11, 5.875, 11.125], "texture": "#voxels_atlas"}
			}
		},
		{
			"name": "Voxels",
			"from": [5, 11, 9],
			"to": [15, 12, 10],
			"faces": {
				"north": {"uv": [6.625, 10.5, 5.375, 10.625], "texture": "#voxels_atlas"},
				"east": {"uv": [2.125, 7.875, 2, 8], "texture": "#voxels_atlas"},
				"south": {"uv": [2.5, 10.375, 3.75, 10.5], "texture": "#voxels_atlas"},
				"west": {"uv": [2.375, 7.875, 2.5, 8], "texture": "#voxels_atlas"},
				"up": {"uv": [4.125, 10.625, 5.375, 10.5], "texture": "#voxels_atlas"},
				"down": {"uv": [6.625, 10.5, 7.875, 10.625], "texture": "#voxels_atlas"}
			}
		},
		{
			"name": "Voxels",
			"from": [5, 13, 5],
			"to": [12, 14, 8],
			"faces": {
				"north": {"uv": [4.5, 9.875, 3.625, 10], "texture": "#voxels_atlas"},
				"east": {"uv": [6.875, 8.75, 6.5, 8.875], "texture": "#voxels_atlas"},
				"south": {"uv": [3.625, 9.5, 4.5, 9.625], "texture": "#voxels_atlas"},
				"west": {"uv": [5.875, 9, 6.25, 9.125], "texture": "#voxels_atlas"},
				"up": {"uv": [7.125, 13.5, 8, 13.125], "texture": "#voxels_atlas"},
				"down": {"uv": [0, 12.25, 0.875, 12.625], "texture": "#voxels_atlas"}
			}
		},
		{
			"name": "Voxels",
			"from": [6, 5, 0],
			"to": [11, 7, 1],
			"faces": {
				"north": {"uv": [1.875, 10.125, 1.25, 10.375], "texture": "#voxels_atlas"},
				"east": {"uv": [8, 12, 7.875, 12.25], "texture": "#voxels_atlas"},
				"south": {"uv": [1.875, 10.125, 2.5, 10.375], "texture": "#voxels_atlas"},
				"west": {"uv": [7.875, 10.875, 8, 11.125], "texture": "#voxels_atlas"},
				"up": {"uv": [5.625, 15, 6.25, 14.875], "texture": "#voxels_atlas"},
				"down": {"uv": [3.625, 14.875, 4.25, 15], "texture": "#voxels_atlas"}
			}
		},
		{
			"name": "Voxels",
			"from": [6, 5, 12],
			"to": [11, 7, 13],
			"faces": {
				"north": {"uv": [1.25, 10.125, 0.625, 10.375], "texture": "#voxels_atlas"},
				"east": {"uv": [0.125, 6.75, 0, 7], "texture": "#voxels_atlas"},
				"south": {"uv": [0, 10.125, 0.625, 10.375], "texture": "#voxels_atlas"},
				"west": {"uv": [0, 6.5, 0.125, 6.75], "texture": "#voxels_atlas"},
				"up": {"uv": [6.5, 9.5, 7.125, 9.375], "texture": "#voxels_atlas"},
				"down": {"uv": [5.875, 9.375, 6.5, 9.5], "texture": "#voxels_atlas"}
			}
		},
		{
			"name": "Voxels",
			"from": [6, 13, 2],
			"to": [10, 14, 3],
			"faces": {
				"north": {"uv": [8, 11.75, 7.5, 11.875], "texture": "#voxels_atlas"},
				"east": {"uv": [0.125, 4, 0, 4.125], "texture": "#voxels_atlas"},
				"south": {"uv": [7.5, 11.25, 8, 11.375], "texture": "#voxels_atlas"},
				"west": {"uv": [0, 3.875, 0.125, 4], "texture": "#voxels_atlas"},
				"up": {"uv": [7.5, 12, 8, 11.875], "texture": "#voxels_atlas"},
				"down": {"uv": [7.5, 14.25, 8, 14.375], "texture": "#voxels_atlas"}
			}
		},
		{
			"name": "Voxels",
			"from": [6, 13, 10],
			"to": [10, 14, 11],
			"faces": {
				"north": {"uv": [4.25, 9.125, 3.75, 9.25], "texture": "#voxels_atlas"},
				"east": {"uv": [0.125, 3.625, 0, 3.75], "texture": "#voxels_atlas"},
				"south": {"uv": [3.75, 9, 4.25, 9.125], "texture": "#voxels_atlas"},
				"west": {"uv": [0, 3.75, 0.125, 3.875], "texture": "#voxels_atlas"},
				"up": {"uv": [3.75, 9.375, 4.25, 9.25], "texture": "#voxels_atlas"},
				"down": {"uv": [7.5, 11.125, 8, 11.25], "texture": "#voxels_atlas"}
			}
		},
		{
			"name": "Voxels",
			"from": [6, 14, 2],
			"to": [8, 15, 3],
			"faces": {
				"north": {"uv": [1.25, 8, 1, 8.125], "texture": "#voxels_atlas"},
				"east": {"uv": [0.125, 2.75, 0, 2.875], "texture": "#voxels_atlas"},
				"south": {"uv": [0.75, 8, 1, 8.125], "texture": "#voxels_atlas"},
				"west": {"uv": [0, 3.5, 0.125, 3.625], "texture": "#voxels_atlas"},
				"up": {"uv": [1.75, 8.125, 2, 8], "texture": "#voxels_atlas"},
				"down": {"uv": [2, 8, 2.25, 8.125], "texture": "#voxels_atlas"}
			}
		},
		{
			"name": "Voxels",
			"from": [6, 14, 10],
			"to": [8, 15, 11],
			"faces": {
				"north": {"uv": [7.125, 8.25, 6.875, 8.375], "texture": "#voxels_atlas"},
				"east": {"uv": [0.125, 1.75, 0, 1.875], "texture": "#voxels_atlas"},
				"south": {"uv": [6.625, 8.125, 6.875, 8.25], "texture": "#voxels_atlas"},
				"west": {"uv": [0, 1.875, 0.125, 2], "texture": "#voxels_atlas"},
				"up": {"uv": [6.875, 8.25, 7.125, 8.125], "texture": "#voxels_atlas"},
				"down": {"uv": [7.125, 8.25, 7.375, 8.375], "texture": "#voxels_atlas"}
			}
		},
		{
			"name": "Voxels",
			"from": [6, 15, 3],
			"to": [9, 16, 4],
			"faces": {
				"north": {"uv": [6.875, 8.875, 6.5, 9], "texture": "#voxels_atlas"},
				"east": {"uv": [0.125, 3.375, 0, 3.5], "texture": "#voxels_atlas"},
				"south": {"uv": [6.5, 9, 6.875, 9.125], "texture": "#voxels_atlas"},
				"west": {"uv": [0, 3.25, 0.125, 3.375], "texture": "#voxels_atlas"},
				"up": {"uv": [1.375, 9.625, 1.75, 9.5], "texture": "#voxels_atlas"},
				"down": {"uv": [2.875, 9.5, 3.25, 9.625], "texture": "#voxels_atlas"}
			}
		},
		{
			"name": "Voxels",
			"from": [6, 15, 9],
			"to": [9, 16, 10],
			"faces": {
				"north": {"uv": [3.375, 8.625, 3, 8.75], "texture": "#voxels_atlas"},
				"east": {"uv": [0.125, 2, 0, 2.125], "texture": "#voxels_atlas"},
				"south": {"uv": [4.25, 8.5, 4.625, 8.625], "texture": "#voxels_atlas"},
				"west": {"uv": [0, 0.375, 0.125, 0.5], "texture": "#voxels_atlas"},
				"up": {"uv": [2.5, 8.5, 2.875, 8.375], "texture": "#voxels_atlas"},
				"down": {"uv": [5.875, 8.875, 6.25, 9], "texture": "#voxels_atlas"}
			}
		},
		{
			"name": "Voxels",
			"from": [6, 16, 3],
			"to": [8, 17, 4],
			"faces": {
				"north": {"uv": [2.625, 9.5, 2.375, 9.625], "texture": "#voxels_atlas"},
				"east": {"uv": [4, 7.875, 3.875, 8], "texture": "#voxels_atlas"},
				"south": {"uv": [7.75, 9.375, 8, 9.5], "texture": "#voxels_atlas"},
				"west": {"uv": [3.5, 7.875, 3.625, 8], "texture": "#voxels_atlas"},
				"up": {"uv": [2.25, 8.125, 2.5, 8], "texture": "#voxels_atlas"},
				"down": {"uv": [6.625, 8.25, 6.875, 8.375], "texture": "#voxels_atlas"}
			}
		},
		{
			"name": "Voxels",
			"from": [6, 16, 9],
			"to": [8, 17, 10],
			"faces": {
				"north": {"uv": [6.125, 8.625, 5.875, 8.75], "texture": "#voxels_atlas"},
				"east": {"uv": [6.5, 8, 6.375, 8.125], "texture": "#voxels_atlas"},
				"south": {"uv": [6.125, 8.625, 6.375, 8.75], "texture": "#voxels_atlas"},
				"west": {"uv": [6.25, 8, 6.375, 8.125], "texture": "#voxels_atlas"},
				"up": {"uv": [4.625, 8.875, 4.875, 8.75], "texture": "#voxels_atlas"},
				"down": {"uv": [4.375, 8.75, 4.625, 8.875], "texture": "#voxels_atlas"}
			}
		},
		{
			"name": "Voxels",
			"from": [7, 2, 1],
			"to": [10, 5, 2],
			"faces": {
				"north": {"uv": [1.75, 9.625, 1.375, 10], "texture": "#voxels_atlas"},
				"east": {"uv": [6.5, 9, 6.375, 9.375], "texture": "#voxels_atlas"},
				"south": {"uv": [0.25, 9.75, 0.625, 10.125], "texture": "#voxels_atlas"},
				"west": {"uv": [7.125, 9, 7.25, 9.375], "texture": "#voxels_atlas"},
				"up": {"uv": [4.25, 8.5, 4.625, 8.375], "texture": "#voxels_atlas"},
				"down": {"uv": [5.875, 9.125, 6.25, 9.25], "texture": "#voxels_atlas"}
			}
		},
		{
			"name": "Voxels",
			"from": [7, 2, 11],
			"to": [10, 5, 12],
			"faces": {
				"north": {"uv": [1.375, 9.625, 1, 10], "texture": "#voxels_atlas"},
				"east": {"uv": [7.125, 9, 7, 9.375], "texture": "#voxels_atlas"},
				"south": {"uv": [0.625, 9.75, 1, 10.125], "texture": "#voxels_atlas"},
				"west": {"uv": [6.875, 9, 7, 9.375], "texture": "#voxels_atlas"},
				"up": {"uv": [6.5, 9.25, 6.875, 9.125], "texture": "#voxels_atlas"},
				"down": {"uv": [6.5, 9.25, 6.875, 9.375], "texture": "#voxels_atlas"}
			}
		},
		{
			"name": "Voxels",
			"from": [7, 4, 0],
			"to": [9, 5, 1],
			"faces": {
				"north": {"uv": [4.25, 8.25, 4, 8.375], "texture": "#voxels_atlas"},
				"east": {"uv": [4.75, 8, 4.625, 8.125], "texture": "#voxels_atlas"},
				"south": {"uv": [4, 8.125, 4.25, 8.25], "texture": "#voxels_atlas"},
				"west": {"uv": [4.5, 8, 4.625, 8.125], "texture": "#voxels_atlas"},
				"up": {"uv": [3.75, 8.25, 4, 8.125], "texture": "#voxels_atlas"},
				"down": {"uv": [3.75, 8.25, 4, 8.375], "texture": "#voxels_atlas"}
			}
		},
		{
			"name": "Voxels",
			"from": [7, 4, 12],
			"to": [9, 5, 13],
			"faces": {
				"north": {"uv": [5, 8.25, 4.75, 8.375], "texture": "#voxels_atlas"},
				"east": {"uv": [5, 8, 4.875, 8.125], "texture": "#voxels_atlas"},
				"south": {"uv": [4.75, 8.125, 5, 8.25], "texture": "#voxels_atlas"},
				"west": {"uv": [4.75, 8, 4.875, 8.125], "texture": "#voxels_atlas"},
				"up": {"uv": [4.5, 8.25, 4.75, 8.125], "texture": "#voxels_atlas"},
				"down": {"uv": [4.5, 8.25, 4.75, 8.375], "texture": "#voxels_atlas"}
			}
		},
		{
			"name": "Voxels",
			"from": [7, 7, 0],
			"to": [10, 8, 1],
			"faces": {
				"north": {"uv": [0.625, 8.375, 0.25, 8.5], "texture": "#voxels_atlas"},
				"east": {"uv": [5.25, 8, 5.125, 8.125], "texture": "#voxels_atlas"},
				"south": {"uv": [1.125, 8.625, 1.5, 8.75], "texture": "#voxels_atlas"},
				"west": {"uv": [5, 8, 5.125, 8.125], "texture": "#voxels_atlas"},
				"up": {"uv": [0.25, 8.625, 0.625, 8.5], "texture": "#voxels_atlas"},
				"down": {"uv": [0.25, 8.625, 0.625, 8.75], "texture": "#voxels_atlas"}
			}
		},
		{
			"name": "Voxels",
			"from": [7, 7, 12],
			"to": [10, 8, 13],
			"faces": {
				"north": {"uv": [1.875, 8.375, 1.5, 8.5], "texture": "#voxels_atlas"},
				"east": {"uv": [0.125, 0.25, 0, 0.375], "texture": "#voxels_atlas"},
				"south": {"uv": [1.875, 8.625, 2.25, 8.75], "texture": "#voxels_atlas"},
				"west": {"uv": [5.25, 8, 5.375, 8.125], "texture": "#voxels_atlas"},
				"up": {"uv": [1.5, 8.625, 1.875, 8.5], "texture": "#voxels_atlas"},
				"down": {"uv": [1.5, 8.625, 1.875, 8.75], "texture": "#voxels_atlas"}
			}
		},
		{
			"name": "Voxels",
			"from": [7, 11, 1],
			"to": [9, 13, 2],
			"faces": {
				"north": {"uv": [4, 8.75, 3.75, 9], "texture": "#voxels_atlas"},
				"east": {"uv": [6.125, 8.125, 6, 8.375], "texture": "#voxels_atlas"},
				"south": {"uv": [4, 8.75, 4.25, 9], "texture": "#voxels_atlas"},
				"west": {"uv": [5.875, 8.125, 6, 8.375], "texture": "#voxels_atlas"},
				"up": {"uv": [5.625, 8.25, 5.875, 8.125], "texture": "#voxels_atlas"},
				"down": {"uv": [5.625, 8.25, 5.875, 8.375], "texture": "#voxels_atlas"}
			}
		},
		{
			"name": "Voxels",
			"from": [7, 11, 11],
			"to": [9, 13, 12],
			"faces": {
				"north": {"uv": [4.625, 9.125, 4.375, 9.375], "texture": "#voxels_atlas"},
				"east": {"uv": [6.625, 8.125, 6.5, 8.375], "texture": "#voxels_atlas"},
				"south": {"uv": [4.375, 8.875, 4.625, 9.125], "texture": "#voxels_atlas"},
				"west": {"uv": [6.375, 8.125, 6.5, 8.375], "texture": "#voxels_atlas"},
				"up": {"uv": [6.125, 8.25, 6.375, 8.125], "texture": "#voxels_atlas"},
				"down": {"uv": [6.125, 8.25, 6.375, 8.375], "texture": "#voxels_atlas"}
			}
		},
		{
			"name": "Voxels",
			"from": [7, 13, 1],
			"to": [8, 14, 2],
			"faces": {
				"north": {"uv": [0.125, 1, 0, 1.125], "texture": "#voxels_atlas"},
				"east": {"uv": [0.125, 1.375, 0, 1.5], "texture": "#voxels_atlas"},
				"south": {"uv": [0, 1.125, 0.125, 1.25], "texture": "#voxels_atlas"},
				"west": {"uv": [0, 1.25, 0.125, 1.375], "texture": "#voxels_atlas"},
				"up": {"uv": [0, 0.75, 0.125, 0.625], "texture": "#voxels_atlas"},
				"down": {"uv": [0, 0.5, 0.125, 0.625], "texture": "#voxels_atlas"}
			}
		},
		{
			"name": "Voxels",
			"from": [7, 13, 3],
			"to": [10, 15, 5],
			"faces": {
				"north": {"uv": [7.875, 12, 7.5, 12.25], "texture": "#voxels_atlas"},
				"east": {"uv": [4.875, 8.875, 4.625, 9.125], "texture": "#voxels_atlas"},
				"south": {"uv": [3.25, 9.625, 3.625, 9.875], "texture": "#voxels_atlas"},
				"west": {"uv": [4.625, 9.125, 4.875, 9.375], "texture": "#voxels_atlas"},
				"up": {"uv": [0.25, 9.75, 0.625, 9.5], "texture": "#voxels_atlas"},
				"down": {"uv": [6.125, 9.5, 6.5, 9.75], "texture": "#voxels_atlas"}
			}
		},
		{
			"name": "Voxels",
			"from": [7, 13, 8],
			"to": [10, 15, 10],
			"faces": {
				"north": {"uv": [6.5, 9.75, 6.125, 10], "texture": "#voxels_atlas"},
				"east": {"uv": [5.375, 9.125, 5.125, 9.375], "texture": "#voxels_atlas"},
				"south": {"uv": [7.625, 9.75, 8, 10], "texture": "#voxels_atlas"},
				"west": {"uv": [3.5, 8.875, 3.75, 9.125], "texture": "#voxels_atlas"},
				"up": {"uv": [6.875, 10, 7.25, 9.75], "texture": "#voxels_atlas"},
				"down": {"uv": [5.375, 9.875, 5.75, 10.125], "texture": "#voxels_atlas"}
			}
		},
		{
			"name": "Voxels",
			"from": [7, 13, 11],
			"to": [8, 14, 12],
			"faces": {
				"north": {"uv": [0.125, 2.625, 0, 2.75], "texture": "#voxels_atlas"},
				"east": {"uv": [8, 8, 7.875, 8.125], "texture": "#voxels_atlas"},
				"south": {"uv": [0, 6.25, 0.125, 6.375], "texture": "#voxels_atlas"},
				"west": {"uv": [0, 6.375, 0.125, 6.5], "texture": "#voxels_atlas"},
				"up": {"uv": [0, 2.625, 0.125, 2.5], "texture": "#voxels_atlas"},
				"down": {"uv": [0, 2.125, 0.125, 2.25], "texture": "#voxels_atlas"}
			}
		},
		{
			"name": "Voxels",
			"from": [7, 15, 4],
			"to": [9, 16, 5],
			"faces": {
				"north": {"uv": [7.625, 8.125, 7.375, 8.25], "texture": "#voxels_atlas"},
				"east": {"uv": [7.5, 8, 7.375, 8.125], "texture": "#voxels_atlas"},
				"south": {"uv": [7.625, 8.25, 7.875, 8.375], "texture": "#voxels_atlas"},
				"west": {"uv": [7.75, 8, 7.875, 8.125], "texture": "#voxels_atlas"},
				"up": {"uv": [7.375, 8.375, 7.625, 8.25], "texture": "#voxels_atlas"},
				"down": {"uv": [7.125, 8.125, 7.375, 8.25], "texture": "#voxels_atlas"}
			}
		},
		{
			"name": "Voxels",
			"from": [7, 15, 8],
			"to": [9, 16, 9],
			"faces": {
				"north": {"uv": [0.5, 8, 0.25, 8.125], "texture": "#voxels_atlas"},
				"east": {"uv": [7.25, 8, 7.125, 8.125], "texture": "#voxels_atlas"},
				"south": {"uv": [0.5, 8, 0.75, 8.125], "texture": "#voxels_atlas"},
				"west": {"uv": [7.25, 8, 7.375, 8.125], "texture": "#voxels_atlas"},
				"up": {"uv": [0, 8.125, 0.25, 8], "texture": "#voxels_atlas"},
				"down": {"uv": [7.625, 8.125, 7.875, 8.25], "texture": "#voxels_atlas"}
			}
		},
		{
			"name": "Voxels",
			"from": [9, 9, 0],
			"to": [12, 10, 1],
			"faces": {
				"north": {"uv": [3.75, 8.5, 3.375, 8.625], "texture": "#voxels_atlas"},
				"east": {"uv": [6.75, 8, 6.625, 8.125], "texture": "#voxels_atlas"},
				"south": {"uv": [3.75, 8.5, 4.125, 8.625], "texture": "#voxels_atlas"},
				"west": {"uv": [7, 8, 7.125, 8.125], "texture": "#voxels_atlas"},
				"up": {"uv": [3.375, 8.75, 3.75, 8.625], "texture": "#voxels_atlas"},
				"down": {"uv": [2.5, 8.5, 2.875, 8.625], "texture": "#voxels_atlas"}
			}
		},
		{
			"name": "Voxels",
			"from": [9, 9, 12],
			"to": [12, 10, 13],
			"faces": {
				"north": {"uv": [5.75, 9.5, 5.375, 9.625], "texture": "#voxels_atlas"},
				"east": {"uv": [1.75, 7.875, 1.625, 8], "texture": "#voxels_atlas"},
				"south": {"uv": [5.875, 9.25, 6.25, 9.375], "texture": "#voxels_atlas"},
				"west": {"uv": [6.5, 8, 6.625, 8.125], "texture": "#voxels_atlas"},
				"up": {"uv": [3.25, 9.625, 3.625, 9.5], "texture": "#voxels_atlas"},
				"down": {"uv": [4.75, 8.625, 5.125, 8.75], "texture": "#voxels_atlas"}
			}
		},
		{
			"name": "Voxels",
			"from": [9, 10, 2],
			"to": [15, 11, 4],
			"faces": {
				"north": {"uv": [7.25, 10, 6.5, 10.125], "texture": "#voxels_atlas"},
				"east": {"uv": [1.75, 8, 1.5, 8.125], "texture": "#voxels_atlas"},
				"south": {"uv": [4.5, 9.5, 5.25, 9.625], "texture": "#voxels_atlas"},
				"west": {"uv": [1.25, 8, 1.5, 8.125], "texture": "#voxels_atlas"},
				"up": {"uv": [0.375, 11.125, 1.125, 10.875], "texture": "#voxels_atlas"},
				"down": {"uv": [0.375, 10.625, 1.125, 10.875], "texture": "#voxels_atlas"}
			}
		},
		{
			"name": "Voxels",
			"from": [10, 3, 1],
			"to": [13, 5, 2],
			"faces": {
				"north": {"uv": [3.25, 9.625, 2.875, 9.875], "texture": "#voxels_atlas"},
				"east": {"uv": [0.125, 7.5, 0, 7.75], "texture": "#voxels_atlas"},
				"south": {"uv": [0.625, 9.5, 1, 9.75], "texture": "#voxels_atlas"},
				"west": {"uv": [0, 7.75, 0.125, 8], "texture": "#voxels_atlas"},
				"up": {"uv": [1.125, 8.5, 1.5, 8.375], "texture": "#voxels_atlas"},
				"down": {"uv": [1.125, 8.5, 1.5, 8.625], "texture": "#voxels_atlas"}
			}
		},
		{
			"name": "Voxels",
			"from": [10, 3, 11],
			"to": [13, 5, 12],
			"faces": {
				"north": {"uv": [7.625, 9.5, 7.25, 9.75], "texture": "#voxels_atlas"},
				"east": {"uv": [0.125, 7, 0, 7.25], "texture": "#voxels_atlas"},
				"south": {"uv": [7.25, 9.75, 7.625, 10], "texture": "#voxels_atlas"},
				"west": {"uv": [0, 7.25, 0.125, 7.5], "texture": "#voxels_atlas"},
				"up": {"uv": [7.625, 9.125, 8, 9], "texture": "#voxels_atlas"},
				"down": {"uv": [7.625, 9.125, 8, 9.25], "texture": "#voxels_atlas"}
			}
		},
		{
			"name": "Voxels",
			"from": [10, 12, 3],
			"to": [13, 13, 4],
			"faces": {
				"north": {"uv": [8, 8.875, 7.625, 9], "texture": "#voxels_atlas"},
				"east": {"uv": [0.125, 3, 0, 3.125], "texture": "#voxels_atlas"},
				"south": {"uv": [7.625, 9.25, 8, 9.375], "texture": "#voxels_atlas"},
				"west": {"uv": [0, 3.125, 0.125, 3.25], "texture": "#voxels_atlas"},
				"up": {"uv": [7.625, 8.875, 8, 8.75], "texture": "#voxels_atlas"},
				"down": {"uv": [5.875, 8.75, 6.25, 8.875], "texture": "#voxels_atlas"}
			}
		},
		{
			"name": "Voxels",
			"from": [11, 6, 0],
			"to": [12, 7, 1],
			"faces": {
				"north": {"uv": [3.5, 7.875, 3.375, 8], "texture": "#voxels_atlas"},
				"east": {"uv": [4.375, 7.875, 4.25, 8], "texture": "#voxels_atlas"},
				"south": {"uv": [4, 7.875, 4.125, 8], "texture": "#voxels_atlas"},
				"west": {"uv": [4.125, 7.875, 4.25, 8], "texture": "#voxels_atlas"},
				"up": {"uv": [3.25, 8, 3.375, 7.875], "texture": "#voxels_atlas"},
				"down": {"uv": [0, 2.875, 0.125, 3], "texture": "#voxels_atlas"}
			}
		},
		{
			"name": "Voxels",
			"from": [11, 6, 12],
			"to": [12, 7, 13],
			"faces": {
				"north": {"uv": [6.5, 7.875, 6.375, 8], "texture": "#voxels_atlas"},
				"east": {"uv": [5.625, 8, 5.5, 8.125], "texture": "#voxels_atlas"},
				"south": {"uv": [6.5, 7.875, 6.625, 8], "texture": "#voxels_atlas"},
				"west": {"uv": [5.375, 8, 5.5, 8.125], "texture": "#voxels_atlas"},
				"up": {"uv": [6.25, 8, 6.375, 7.875], "texture": "#voxels_atlas"},
				"down": {"uv": [6.125, 7.875, 6.25, 8], "texture": "#voxels_atlas"}
			}
		},
		{
			"name": "Voxels",
			"from": [11, 10, 0],
			"to": [12, 11, 1],
			"faces": {
				"north": {"uv": [6, 8, 5.875, 8.125], "texture": "#voxels_atlas"},
				"east": {"uv": [0.125, 5.875, 0, 6], "texture": "#voxels_atlas"},
				"south": {"uv": [0, 6.125, 0.125, 6.25], "texture": "#voxels_atlas"},
				"west": {"uv": [0, 6, 0.125, 6.125], "texture": "#voxels_atlas"},
				"up": {"uv": [5.75, 8.125, 5.875, 8], "texture": "#voxels_atlas"},
				"down": {"uv": [5.625, 8, 5.75, 8.125], "texture": "#voxels_atlas"}
			}
		},
		{
			"name": "Voxels",
			"from": [11, 10, 12],
			"to": [12, 11, 13],
			"faces": {
				"north": {"uv": [0.125, 5, 0, 5.125], "texture": "#voxels_atlas"},
				"east": {"uv": [0.125, 4.375, 0, 4.5], "texture": "#voxels_atlas"},
				"south": {"uv": [0, 4.875, 0.125, 5], "texture": "#voxels_atlas"},
				"west": {"uv": [0, 4.75, 0.125, 4.875], "texture": "#voxels_atlas"},
				"up": {"uv": [0, 5.25, 0.125, 5.125], "texture": "#voxels_atlas"},
				"down": {"uv": [0, 5.75, 0.125, 5.875], "texture": "#voxels_atlas"}
			}
		},
		{
			"name": "Voxels",
			"from": [12, 1, 2],
			"to": [13, 6, 3],
			"faces": {
				"north": {"uv": [1.125, 8.75, 1, 9.375], "texture": "#voxels_atlas"},
				"east": {"uv": [0.875, 8.75, 0.75, 9.375], "texture": "#voxels_atlas"},
				"south": {"uv": [1.125, 8.75, 1.25, 9.375], "texture": "#voxels_atlas"},
				"west": {"uv": [0.875, 8.75, 1, 9.375], "texture": "#voxels_atlas"},
				"up": {"uv": [0, 4.25, 0.125, 4.125], "texture": "#voxels_atlas"},
				"down": {"uv": [0, 4.25, 0.125, 4.375], "texture": "#voxels_atlas"}
			}
		},
		{
			"name": "Voxels",
			"from": [12, 1, 6],
			"to": [14, 6, 7],
			"faces": {
				"north": {"uv": [8, 15.375, 7.75, 16], "texture": "#voxels_atlas"},
				"east": {"uv": [0.75, 8.75, 0.625, 9.375], "texture": "#voxels_atlas"},
				"south": {"uv": [0, 9.5, 0.25, 10.125], "texture": "#voxels_atlas"},
				"west": {"uv": [0.375, 8.75, 0.5, 9.375], "texture": "#voxels_atlas"},
				"up": {"uv": [2.125, 9.625, 2.375, 9.5], "texture": "#voxels_atlas"},
				"down": {"uv": [2.5, 8, 2.75, 8.125], "texture": "#voxels_atlas"}
			}
		},
		{
			"name": "Voxels",
			"from": [12, 1, 10],
			"to": [13, 6, 11],
			"faces": {
				"north": {"uv": [0.375, 8.75, 0.25, 9.375], "texture": "#voxels_atlas"},
				"east": {"uv": [0.125, 8.75, 0, 9.375], "texture": "#voxels_atlas"},
				"south": {"uv": [0.125, 8.75, 0.25, 9.375], "texture": "#voxels_atlas"},
				"west": {"uv": [0.5, 8.75, 0.625, 9.375], "texture": "#voxels_atlas"},
				"up": {"uv": [1.875, 8, 2, 7.875], "texture": "#voxels_atlas"},
				"down": {"uv": [1.75, 7.875, 1.875, 8], "texture": "#voxels_atlas"}
			}
		},
		{
			"name": "Voxels",
			"from": [12, 2, 3],
			"to": [13, 6, 4],
			"faces": {
				"north": {"uv": [5.5, 8.875, 5.375, 9.375], "texture": "#voxels_atlas"},
				"east": {"uv": [8, 14.375, 7.875, 14.875], "texture": "#voxels_atlas"},
				"south": {"uv": [5.5, 8.875, 5.625, 9.375], "texture": "#voxels_atlas"},
				"west": {"uv": [5.625, 8.875, 5.75, 9.375], "texture": "#voxels_atlas"},
				"up": {"uv": [3.125, 8, 3.25, 7.875], "texture": "#voxels_atlas"},
				"down": {"uv": [2.75, 7.875, 2.875, 8], "texture": "#voxels_atlas"}
			}
		},
		{
			"name": "Voxels",
			"from": [12, 2, 5],
			"to": [14, 6, 6],
			"faces": {
				"north": {"uv": [2.375, 9.625, 2.125, 10.125], "texture": "#voxels_atlas"},
				"east": {"uv": [1.375, 8.875, 1.25, 9.375], "texture": "#voxels_atlas"},
				"south": {"uv": [2.625, 9.5, 2.875, 10], "texture": "#voxels_atlas"},
				"west": {"uv": [2, 9.5, 2.125, 10], "texture": "#voxels_atlas"},
				"up": {"uv": [3, 8.875, 3.25, 8.75], "texture": "#voxels_atlas"},
				"down": {"uv": [1.625, 8.75, 1.875, 8.875], "texture": "#voxels_atlas"}
			}
		},
		{
			"name": "Voxels",
			"from": [12, 2, 7],
			"to": [14, 6, 8],
			"faces": {
				"north": {"uv": [2, 9.5, 1.75, 10], "texture": "#voxels_atlas"},
				"east": {"uv": [1.625, 8.875, 1.5, 9.375], "texture": "#voxels_atlas"},
				"south": {"uv": [2.375, 9.625, 2.625, 10.125], "texture": "#voxels_atlas"},
				"west": {"uv": [1.375, 8.875, 1.5, 9.375], "texture": "#voxels_atlas"},
				"up": {"uv": [4.75, 8.5, 5, 8.375], "texture": "#voxels_atlas"},
				"down": {"uv": [4.75, 8.5, 5, 8.625], "texture": "#voxels_atlas"}
			}
		},
		{
			"name": "Voxels",
			"from": [12, 2, 9],
			"to": [13, 6, 10],
			"faces": {
				"north": {"uv": [2, 8.875, 1.875, 9.375], "texture": "#voxels_atlas"},
				"east": {"uv": [2.625, 8.875, 2.5, 9.375], "texture": "#voxels_atlas"},
				"south": {"uv": [2, 8.875, 2.125, 9.375], "texture": "#voxels_atlas"},
				"west": {"uv": [2.375, 8.875, 2.5, 9.375], "texture": "#voxels_atlas"},
				"up": {"uv": [6.125, 8.125, 6.25, 8], "texture": "#voxels_atlas"},
				"down": {"uv": [6, 8, 6.125, 8.125], "texture": "#voxels_atlas"}
			}
		},
		{
			"name": "Voxels",
			"from": [12, 3, 4],
			"to": [13, 6, 5],
			"faces": {
				"north": {"uv": [4.25, 8.375, 4.125, 8.75], "texture": "#voxels_atlas"},
				"east": {"uv": [0.25, 8.375, 0.125, 8.75], "texture": "#voxels_atlas"},
				"south": {"uv": [2.875, 8.375, 3, 8.75], "texture": "#voxels_atlas"},
				"west": {"uv": [2.25, 8.375, 2.375, 8.75], "texture": "#voxels_atlas"},
				"up": {"uv": [6.875, 8.125, 7, 8], "texture": "#voxels_atlas"},
				"down": {"uv": [6.75, 8, 6.875, 8.125], "texture": "#voxels_atlas"}
			}
		},
		{
			"name": "Voxels",
			"from": [12, 3, 8],
			"to": [13, 6, 9],
			"faces": {
				"north": {"uv": [0.125, 8.375, 0, 8.75], "texture": "#voxels_atlas"},
				"east": {"uv": [7.375, 9, 7.25, 9.375], "texture": "#voxels_atlas"},
				"south": {"uv": [7.5, 9, 7.625, 9.375], "texture": "#voxels_atlas"},
				"west": {"uv": [7.375, 9, 7.5, 9.375], "texture": "#voxels_atlas"},
				"up": {"uv": [7.625, 8.125, 7.75, 8], "texture": "#voxels_atlas"},
				"down": {"uv": [7.5, 8, 7.625, 8.125], "texture": "#voxels_atlas"}
			}
		},
		{
			"name": "Voxels",
			"from": [12, 13, 6],
			"to": [14, 14, 7],
			"faces": {
				"north": {"uv": [6.625, 8.625, 6.375, 8.75], "texture": "#voxels_atlas"},
				"east": {"uv": [0.125, 5.5, 0, 5.625], "texture": "#voxels_atlas"},
				"south": {"uv": [6.375, 8.5, 6.625, 8.625], "texture": "#voxels_atlas"},
				"west": {"uv": [0, 5.625, 0.125, 5.75], "texture": "#voxels_atlas"},
				"up": {"uv": [6.125, 8.5, 6.375, 8.375], "texture": "#voxels_atlas"},
				"down": {"uv": [6.125, 8.5, 6.375, 8.625], "texture": "#voxels_atlas"}
			}
		},
		{
			"name": "Voxels",
			"from": [13, 3, 2],
			"to": [14, 5, 3],
			"faces": {
				"north": {"uv": [7.125, 8.75, 7, 9], "texture": "#voxels_atlas"},
				"east": {"uv": [7.5, 8.75, 7.375, 9], "texture": "#voxels_atlas"},
				"south": {"uv": [7.125, 8.75, 7.25, 9], "texture": "#voxels_atlas"},
				"west": {"uv": [7.25, 8.75, 7.375, 9], "texture": "#voxels_atlas"},
				"up": {"uv": [0, 5.375, 0.125, 5.25], "texture": "#voxels_atlas"},
				"down": {"uv": [0, 5.375, 0.125, 5.5], "texture": "#voxels_atlas"}
			}
		},
		{
			"name": "Voxels",
			"from": [13, 3, 10],
			"to": [14, 5, 11],
			"faces": {
				"north": {"uv": [7.625, 8.75, 7.5, 9], "texture": "#voxels_atlas"},
				"east": {"uv": [7, 8.5, 6.875, 8.75], "texture": "#voxels_atlas"},
				"south": {"uv": [6.625, 8.5, 6.75, 8.75], "texture": "#voxels_atlas"},
				"west": {"uv": [6.75, 8.5, 6.875, 8.75], "texture": "#voxels_atlas"},
				"up": {"uv": [0, 4.625, 0.125, 4.5], "texture": "#voxels_atlas"},
				"down": {"uv": [0, 4.625, 0.125, 4.75], "texture": "#voxels_atlas"}
			}
		},
		{
			"name": "Voxels",
			"from": [13, 4, 3],
			"to": [14, 6, 5],
			"faces": {
				"north": {"uv": [7.375, 8.5, 7.25, 8.75], "texture": "#voxels_atlas"},
				"east": {"uv": [3.5, 9.125, 3.25, 9.375], "texture": "#voxels_atlas"},
				"south": {"uv": [7.375, 8.5, 7.5, 8.75], "texture": "#voxels_atlas"},
				"west": {"uv": [3, 8.875, 3.25, 9.125], "texture": "#voxels_atlas"},
				"up": {"uv": [7.125, 8.75, 7.25, 8.5], "texture": "#voxels_atlas"},
				"down": {"uv": [7, 8.5, 7.125, 8.75], "texture": "#voxels_atlas"}
			}
		},
		{
			"name": "Voxels",
			"from": [13, 4, 8],
			"to": [14, 6, 10],
			"faces": {
				"north": {"uv": [7.875, 8.5, 7.75, 8.75], "texture": "#voxels_atlas"},
				"east": {"uv": [3.75, 9.125, 3.5, 9.375], "texture": "#voxels_atlas"},
				"south": {"uv": [0, 8.125, 0.125, 8.375], "texture": "#voxels_atlas"},
				"west": {"uv": [3.25, 8.875, 3.5, 9.125], "texture": "#voxels_atlas"},
				"up": {"uv": [7.625, 8.75, 7.75, 8.5], "texture": "#voxels_atlas"},
				"down": {"uv": [7.5, 8.5, 7.625, 8.75], "texture": "#voxels_atlas"}
			}
		},
		{
			"name": "Voxels",
			"from": [13, 7, 2],
			"to": [14, 10, 3],
			"faces": {
				"north": {"uv": [6.375, 9, 6.25, 9.375], "texture": "#voxels_atlas"},
				"east": {"uv": [5.25, 8.75, 5.125, 9.125], "texture": "#voxels_atlas"},
				"south": {"uv": [5.75, 9, 5.875, 9.375], "texture": "#voxels_atlas"},
				"west": {"uv": [5.25, 8.75, 5.375, 9.125], "texture": "#voxels_atlas"},
				"up": {"uv": [0, 2.375, 0.125, 2.25], "texture": "#voxels_atlas"},
				"down": {"uv": [0, 2.375, 0.125, 2.5], "texture": "#voxels_atlas"}
			}
		},
		{
			"name": "Voxels",
			"from": [13, 7, 10],
			"to": [14, 10, 11],
			"faces": {
				"north": {"uv": [5.875, 8.375, 5.75, 8.75], "texture": "#voxels_atlas"},
				"east": {"uv": [5.5, 8.375, 5.375, 8.75], "texture": "#voxels_atlas"},
				"south": {"uv": [5.625, 8.375, 5.75, 8.75], "texture": "#voxels_atlas"},
				"west": {"uv": [5.5, 8.375, 5.625, 8.75], "texture": "#voxels_atlas"},
				"up": {"uv": [0, 1.625, 0.125, 1.5], "texture": "#voxels_atlas"},
				"down": {"uv": [0, 1.625, 0.125, 1.75], "texture": "#voxels_atlas"}
			}
		},
		{
			"name": "Voxels",
			"from": [14, 3, 6],
			"to": [15, 6, 7],
			"faces": {
				"north": {"uv": [5.375, 8.375, 5.25, 8.75], "texture": "#voxels_atlas"},
				"east": {"uv": [2.5, 8.375, 2.375, 8.75], "texture": "#voxels_atlas"},
				"south": {"uv": [5.125, 8.375, 5.25, 8.75], "texture": "#voxels_atlas"},
				"west": {"uv": [4.625, 8.375, 4.75, 8.75], "texture": "#voxels_atlas"},
				"up": {"uv": [0, 0.875, 0.125, 0.75], "texture": "#voxels_atlas"},
				"down": {"uv": [0, 0.875, 0.125, 1], "texture": "#voxels_atlas"}
			}
		},
		{
			"name": "Voxels",
			"from": [14, 5, 4],
			"to": [15, 6, 5],
			"faces": {
				"north": {"uv": [0.25, 7.875, 0.125, 8], "texture": "#voxels_atlas"},
				"east": {"uv": [0.625, 7.875, 0.5, 8], "texture": "#voxels_atlas"},
				"south": {"uv": [0.25, 7.875, 0.375, 8], "texture": "#voxels_atlas"},
				"west": {"uv": [0.375, 7.875, 0.5, 8], "texture": "#voxels_atlas"},
				"up": {"uv": [0, 0.125, 0.125, 0], "texture": "#voxels_atlas"},
				"down": {"uv": [0, 0.125, 0.125, 0.25], "texture": "#voxels_atlas"}
			}
		},
		{
			"name": "Voxels",
			"from": [14, 5, 8],
			"to": [15, 6, 9],
			"faces": {
				"north": {"uv": [1, 7.875, 0.875, 8], "texture": "#voxels_atlas"},
				"east": {"uv": [1.375, 7.875, 1.25, 8], "texture": "#voxels_atlas"},
				"south": {"uv": [1, 7.875, 1.125, 8], "texture": "#voxels_atlas"},
				"west": {"uv": [1.125, 7.875, 1.25, 8], "texture": "#voxels_atlas"},
				"up": {"uv": [0.75, 8, 0.875, 7.875], "texture": "#voxels_atlas"},
				"down": {"uv": [0.625, 7.875, 0.75, 8], "texture": "#voxels_atlas"}
			}
		},
		{
			"name": "Voxels",
			"from": [14, 8, 2],
			"to": [15, 10, 3],
			"faces": {
				"north": {"uv": [0.25, 8.125, 0.125, 8.375], "texture": "#voxels_atlas"},
				"east": {"uv": [1.125, 8.125, 1, 8.375], "texture": "#voxels_atlas"},
				"south": {"uv": [0.25, 8.125, 0.375, 8.375], "texture": "#voxels_atlas"},
				"west": {"uv": [0.375, 8.125, 0.5, 8.375], "texture": "#voxels_atlas"},
				"up": {"uv": [1.5, 8, 1.625, 7.875], "texture": "#voxels_atlas"},
				"down": {"uv": [1.375, 7.875, 1.5, 8], "texture": "#voxels_atlas"}
			}
		},
		{
			"name": "Voxels",
			"from": [14, 8, 10],
			"to": [15, 10, 11],
			"faces": {
				"north": {"uv": [1.25, 8.125, 1.125, 8.375], "texture": "#voxels_atlas"},
				"east": {"uv": [1.625, 8.125, 1.5, 8.375], "texture": "#voxels_atlas"},
				"south": {"uv": [1.25, 8.125, 1.375, 8.375], "texture": "#voxels_atlas"},
				"west": {"uv": [1.375, 8.125, 1.5, 8.375], "texture": "#voxels_atlas"},
				"up": {"uv": [2.25, 8, 2.375, 7.875], "texture": "#voxels_atlas"},
				"down": {"uv": [2.125, 7.875, 2.25, 8], "texture": "#voxels_atlas"}
			}
		},
		{
			"name": "Voxels",
			"from": [15, 7, 6],
			"to": [16, 9, 7],
			"faces": {
				"north": {"uv": [1.75, 8.125, 1.625, 8.375], "texture": "#voxels_atlas"},
				"east": {"uv": [2.375, 8.125, 2.25, 8.375], "texture": "#voxels_atlas"},
				"south": {"uv": [2, 8.125, 2.125, 8.375], "texture": "#voxels_atlas"},
				"west": {"uv": [2.125, 8.125, 2.25, 8.375], "texture": "#voxels_atlas"},
				"up": {"uv": [3, 8, 3.125, 7.875], "texture": "#voxels_atlas"},
				"down": {"uv": [2.875, 7.875, 3, 8], "texture": "#voxels_atlas"}
			}
		},
		{
			"name": "Voxels",
			"from": [15, 8, 5],
			"to": [16, 10, 6],
			"faces": {
				"north": {"uv": [2.5, 8.125, 2.375, 8.375], "texture": "#voxels_atlas"},
				"east": {"uv": [5.125, 8.125, 5, 8.375], "texture": "#voxels_atlas"},
				"south": {"uv": [4.25, 8.125, 4.375, 8.375], "texture": "#voxels_atlas"},
				"west": {"uv": [4.375, 8.125, 4.5, 8.375], "texture": "#voxels_atlas"},
				"up": {"uv": [3.75, 8, 3.875, 7.875], "texture": "#voxels_atlas"},
				"down": {"uv": [3.625, 7.875, 3.75, 8], "texture": "#voxels_atlas"}
			}
		},
		{
			"name": "Voxels",
			"from": [15, 8, 7],
			"to": [16, 9, 8],
			"faces": {
				"north": {"uv": [4.75, 7.875, 4.625, 8], "texture": "#voxels_atlas"},
				"east": {"uv": [5.125, 7.875, 5, 8], "texture": "#voxels_atlas"},
				"south": {"uv": [4.75, 7.875, 4.875, 8], "texture": "#voxels_atlas"},
				"west": {"uv": [4.875, 7.875, 5, 8], "texture": "#voxels_atlas"},
				"up": {"uv": [4.5, 8, 4.625, 7.875], "texture": "#voxels_atlas"},
				"down": {"uv": [4.375, 7.875, 4.5, 8], "texture": "#voxels_atlas"}
			}
		},
		{
			"name": "Voxels",
			"from": [15, 11, 4],
			"to": [16, 12, 5],
			"faces": {
				"north": {"uv": [5.5, 7.875, 5.375, 8], "texture": "#voxels_atlas"},
				"east": {"uv": [5.875, 7.875, 5.75, 8], "texture": "#voxels_atlas"},
				"south": {"uv": [5.5, 7.875, 5.625, 8], "texture": "#voxels_atlas"},
				"west": {"uv": [5.625, 7.875, 5.75, 8], "texture": "#voxels_atlas"},
				"up": {"uv": [5.25, 8, 5.375, 7.875], "texture": "#voxels_atlas"},
				"down": {"uv": [5.125, 7.875, 5.25, 8], "texture": "#voxels_atlas"}
			}
		},
		{
			"name": "Voxels",
			"from": [16, 11, 6],
			"to": [17, 13, 7],
			"faces": {
				"north": {"uv": [5.25, 8.125, 5.125, 8.375], "texture": "#voxels_atlas"},
				"east": {"uv": [5.625, 8.125, 5.5, 8.375], "texture": "#voxels_atlas"},
				"south": {"uv": [5.25, 8.125, 5.375, 8.375], "texture": "#voxels_atlas"},
				"west": {"uv": [5.375, 8.125, 5.5, 8.375], "texture": "#voxels_atlas"},
				"up": {"uv": [6, 8, 6.125, 7.875], "texture": "#voxels_atlas"},
				"down": {"uv": [5.875, 7.875, 6, 8], "texture": "#voxels_atlas"}
			}
		},
		{
			"name": "Voxels",
			"from": [16, 12, 5],
			"to": [17, 13, 6],
			"faces": {
				"north": {"uv": [7, 7.875, 6.875, 8], "texture": "#voxels_atlas"},
				"east": {"uv": [7.375, 7.875, 7.25, 8], "texture": "#voxels_atlas"},
				"south": {"uv": [7, 7.875, 7.125, 8], "texture": "#voxels_atlas"},
				"west": {"uv": [7.125, 7.875, 7.25, 8], "texture": "#voxels_atlas"},
				"up": {"uv": [6.75, 8, 6.875, 7.875], "texture": "#voxels_atlas"},
				"down": {"uv": [6.625, 7.875, 6.75, 8], "texture": "#voxels_atlas"}
			}
		},
		{
			"name": "Voxels",
			"from": [16, 12, 7],
			"to": [17, 13, 8],
			"faces": {
				"north": {"uv": [7.75, 7.875, 7.625, 8], "texture": "#voxels_atlas"},
				"east": {"uv": [0.25, 7.75, 0.125, 7.875], "texture": "#voxels_atlas"},
				"south": {"uv": [7.75, 7.875, 7.875, 8], "texture": "#voxels_atlas"},
				"west": {"uv": [7.875, 7.875, 8, 8], "texture": "#voxels_atlas"},
				"up": {"uv": [7.5, 8, 7.625, 7.875], "texture": "#voxels_atlas"},
				"down": {"uv": [7.375, 7.875, 7.5, 8], "texture": "#voxels_atlas"}
			}
		}
	],
	"display": {
		"thirdperson_righthand": {
			"rotation": [45, -96, 0],
			"translation": [0, 3.5, -2],
			"scale": [0.61, 0.61, 0.61]
		},
		"thirdperson_lefthand": {
			"rotation": [45, -96, 0],
			"translation": [0, 3.5, -2],
			"scale": [-0.61, 0.61, 0.61]
		},
		"firstperson_righthand": {
			"rotation": [0, -80, 0],
			"translation": [5.75, -4.5, -9.5]
		},
		"firstperson_lefthand": {
			"rotation": [0, -80, 0],
			"translation": [5.75, -4.5, -9.5],
			"scale": [-1, 1, 1]
		},
		"gui": {
			"rotation": [14, 90, 0],
			"translation": [2, 0.25, 0],
			"scale": [1.2793, 1.2793, 1.2793]
		},
		"head": {
			"rotation": [0, -90, 0],
			"translation": [-2.282, 4.25, 0],
			"scale": [1.5, 1.5, 1.5]
		}
	}
}