{
	"credit": "Link",
	"textures": {
		"0": "blocks/activator_rail_flat",
		"particle": "blocks/activator_rail_flat"
	},
	"elements": [
		{
			"name": "double_plant_grass_top_0",
			"from": [0.08773, 17.22318, 15.21],
			"to": [2.14773, 23.40318, 17.27],
			"faces": {
				"north": {"uv": [4, 5, 5, 2], "rotation": 180, "texture": "#0"},
				"east": {"uv": [4, 2, 5, 5], "texture": "#0"},
				"south": {"uv": [4, 2, 5, 5], "texture": "#0"},
				"west": {"uv": [4, 2, 5, 5], "texture": "#0"},
				"up": {"uv": [5, 2, 4, 3], "rotation": 180, "texture": "#0"},
				"down": {"uv": [4, 4, 5, 5], "texture": "#0"}
			}
		},
		{
			"name": "double_plant_grass_top_1",
			"from": [10.38773, 19.28318, 11.09],
			"to": [14.50773, 23.40318, 13.15],
			"faces": {
				"north": {"uv": [9, 4, 11, 2], "rotation": 180, "texture": "#0"},
				"east": {"uv": [10, 2, 11, 4], "texture": "#0"},
				"south": {"uv": [9, 2, 11, 4], "texture": "#0"},
				"west": {"uv": [9, 2, 10, 4], "texture": "#0"},
				"up": {"uv": [11, 2, 9, 3], "rotation": 180, "texture": "#0"},
				"down": {"uv": [9, 3, 11, 4], "texture": "#0"}
			}
		},
		{
			"name": "double_plant_grass_top_2",
			"from": [18.62773, 11.04318, 8],
			"to": [20.68773, 23.40318, 10.06],
			"faces": {
				"north": {"uv": [13, 8, 14, 2], "rotation": 180, "texture": "#0"},
				"east": {"uv": [13, 2, 14, 8], "texture": "#0"},
				"south": {"uv": [13, 2, 14, 8], "texture": "#0"},
				"west": {"uv": [13, 2, 14, 8], "texture": "#0"},
				"up": {"uv": [14, 2, 13, 3], "rotation": 180, "texture": "#0"},
				"down": {"uv": [13, 7, 14, 8], "texture": "#0"}
			}
		},
		{
			"name": "double_plant_grass_top_3",
			"from": [2.14773, 13.10318, 15.21],
			"to": [4.20773, 19.28318, 17.27],
			"faces": {
				"north": {"uv": [5, 7, 6, 4], "rotation": 180, "texture": "#0"},
				"east": {"uv": [5, 4, 6, 7], "texture": "#0"},
				"south": {"uv": [5, 4, 6, 7], "texture": "#0"},
				"west": {"uv": [5, 4, 6, 7], "texture": "#0"},
				"up": {"uv": [6, 4, 5, 5], "rotation": 180, "texture": "#0"},
				"down": {"uv": [5, 6, 6, 7], "texture": "#0"}
			}
		},
		{
			"name": "double_plant_grass_top_4",
			"from": [10.38773, 8.98318, 11.09],
			"to": [12.44773, 19.28318, 13.15],
			"faces": {
				"north": {"uv": [9, 9, 10, 4], "rotation": 180, "texture": "#0"},
				"east": {"uv": [9, 4, 10, 9], "texture": "#0"},
				"south": {"uv": [9, 4, 10, 9], "texture": "#0"},
				"west": {"uv": [9, 4, 10, 9], "texture": "#0"},
				"up": {"uv": [10, 4, 9, 5], "rotation": 180, "texture": "#0"},
				"down": {"uv": [9, 8, 10, 9], "texture": "#0"}
			}
		},
		{
			"name": "double_plant_grass_top_5",
			"from": [20.68773, 15.16318, 9.03],
			"to": [22.74773, 19.28318, 11.09],
			"faces": {
				"north": {"uv": [14, 6, 15, 4], "rotation": 180, "texture": "#0"},
				"east": {"uv": [14, 4, 15, 6], "texture": "#0"},
				"south": {"uv": [14, 4, 15, 6], "texture": "#0"},
				"west": {"uv": [14, 4, 15, 6], "texture": "#0"},
				"up": {"uv": [15, 4, 14, 5], "rotation": 180, "texture": "#0"},
				"down": {"uv": [14, 5, 15, 6], "texture": "#0"}
			}
		},
		{
			"name": "double_plant_grass_top_6",
			"from": [-3.00227, 11.04318, 4.97],
			"to": [-0.94227, 17.22318, 7.03],
			"faces": {
				"north": {"uv": [1, 8, 2, 5], "rotation": 180, "texture": "#0"},
				"east": {"uv": [1, 5, 2, 8], "texture": "#0"},
				"south": {"uv": [1, 5, 2, 8], "texture": "#0"},
				"west": {"uv": [1, 5, 2, 8], "texture": "#0"},
				"up": {"uv": [2, 5, 1, 6], "rotation": 180, "texture": "#0"},
				"down": {"uv": [1, 7, 2, 8], "texture": "#0"}
			}
		},
		{
			"name": "double_plant_grass_top_7",
			"from": [4.20773, 4.86318, 15.21],
			"to": [6.26773, 15.16318, 17.27],
			"faces": {
				"north": {"uv": [6, 11, 7, 6], "rotation": 180, "texture": "#0"},
				"east": {"uv": [6, 6, 7, 11], "texture": "#0"},
				"south": {"uv": [6, 6, 7, 11], "texture": "#0"},
				"west": {"uv": [6, 6, 7, 11], "texture": "#0"},
				"up": {"uv": [7, 6, 6, 7], "rotation": 180, "texture": "#0"},
				"down": {"uv": [6, 10, 7, 11], "texture": "#0"}
			}
		},
		{
			"name": "double_plant_grass_top_8",
			"from": [6.26773, -5.43682, -0.24],
			"to": [8.32773, 15.16318, 1.82],
			"faces": {
				"north": {"uv": [8, 16, 9, 6], "rotation": 180, "texture": "#0"},
				"east": {"uv": [8, 6, 9, 16], "texture": "#0"},
				"south": {"uv": [8, 6, 9, 16], "texture": "#0"},
				"west": {"uv": [8, 6, 9, 16], "texture": "#0"},
				"up": {"uv": [9, 6, 8, 7], "rotation": 180, "texture": "#0"},
				"down": {"uv": [8, 15, 9, 16], "texture": "#0"}
			}
		},
		{
			"name": "double_plant_grass_top_9",
			"from": [16.56773, -5.43682, 6.97],
			"to": [18.62773, 15.16318, 9.03],
			"faces": {
				"north": {"uv": [12, 16, 13, 6], "rotation": 180, "texture": "#0"},
				"east": {"uv": [12, 6, 13, 16], "texture": "#0"},
				"south": {"uv": [12, 6, 13, 16], "texture": "#0"},
				"west": {"uv": [12, 6, 13, 16], "texture": "#0"},
				"up": {"uv": [13, 6, 12, 7], "rotation": 180, "texture": "#0"},
				"down": {"uv": [12, 15, 13, 16], "texture": "#0"}
			}
		},
		{
			"name": "double_plant_grass_top_10",
			"from": [-0.94227, 4.86318, 4.97],
			"to": [1.11773, 13.10318, 7.03],
			"faces": {
				"north": {"uv": [2, 11, 3, 7], "rotation": 180, "texture": "#0"},
				"east": {"uv": [2, 7, 3, 11], "texture": "#0"},
				"south": {"uv": [2, 7, 3, 11], "texture": "#0"},
				"west": {"uv": [2, 7, 3, 11], "texture": "#0"},
				"up": {"uv": [3, 7, 2, 8], "rotation": 180, "texture": "#0"},
				"down": {"uv": [2, 10, 3, 11], "texture": "#0"}
			}
		},
		{
			"name": "double_plant_grass_top_11",
			"from": [4.20773, 11.04318, -2.3],
			"to": [6.26773, 13.10318, -0.24],
			"faces": {
				"north": {"uv": [7, 8, 8, 7], "rotation": 180, "texture": "#0"},
				"east": {"uv": [7, 7, 8, 8], "texture": "#0"},
				"south": {"uv": [7, 7, 8, 8], "texture": "#0"},
				"west": {"uv": [7, 7, 8, 8], "texture": "#0"},
				"up": {"uv": [8, 7, 7, 8], "rotation": 180, "texture": "#0"},
				"down": {"uv": [7, 7, 8, 8], "texture": "#0"}
			}
		},
		{
			"name": "double_plant_grass_top_12",
			"from": [12.44773, -5.43682, 11.09],
			"to": [14.50773, 13.10318, 13.15],
			"faces": {
				"north": {"uv": [10, 16, 11, 7], "rotation": 180, "texture": "#0"},
				"east": {"uv": [10, 7, 11, 16], "texture": "#0"},
				"south": {"uv": [10, 7, 11, 16], "texture": "#0"},
				"west": {"uv": [10, 7, 11, 16], "texture": "#0"},
				"up": {"uv": [11, 7, 10, 8], "rotation": 180, "texture": "#0"},
				"down": {"uv": [10, 15, 11, 16], "texture": "#0"}
			}
		},
		{
			"name": "double_plant_grass_top_13",
			"from": [-2.97227, 8.98318, 6.97],
			"to": [-0.91227, 11.04318, 9.03],
			"faces": {
				"north": {"uv": [3, 9, 4, 8], "rotation": 180, "texture": "#0"},
				"east": {"uv": [3, 8, 4, 9], "texture": "#0"},
				"south": {"uv": [3, 8, 4, 9], "texture": "#0"},
				"west": {"uv": [3, 8, 4, 9], "texture": "#0"},
				"up": {"uv": [4, 8, 3, 9], "rotation": 180, "texture": "#0"},
				"down": {"uv": [3, 8, 4, 9], "texture": "#0"}
			}
		},
		{
			"name": "double_plant_grass_top_14",
			"from": [14.50773, 4.86318, 4.91],
			"to": [16.56773, 8.98318, 6.97],
			"faces": {
				"north": {"uv": [11, 11, 12, 9], "rotation": 180, "texture": "#0"},
				"east": {"uv": [11, 9, 12, 11], "texture": "#0"},
				"south": {"uv": [11, 9, 12, 11], "texture": "#0"},
				"west": {"uv": [11, 9, 12, 11], "texture": "#0"},
				"up": {"uv": [12, 9, 11, 10], "rotation": 180, "texture": "#0"},
				"down": {"uv": [11, 10, 12, 11], "texture": "#0"}
			}
		},
		{
			"name": "double_plant_grass_top_15",
			"from": [2.14773, -5.43682, 15.21],
			"to": [4.20773, 6.92318, 17.27],
			"faces": {
				"north": {"uv": [5, 16, 6, 10], "rotation": 180, "texture": "#0"},
				"east": {"uv": [5, 10, 6, 16], "texture": "#0"},
				"south": {"uv": [5, 10, 6, 16], "texture": "#0"},
				"west": {"uv": [5, 10, 6, 16], "texture": "#0"},
				"up": {"uv": [6, 10, 5, 11], "rotation": 180, "texture": "#0"},
				"down": {"uv": [5, 15, 6, 16], "texture": "#0"}
			}
		},
		{
			"name": "double_plant_grass_top_16",
			"from": [18.62773, 0.74318, 6.97],
			"to": [20.68773, 6.92318, 9.03],
			"faces": {
				"north": {"uv": [13, 13, 14, 10], "rotation": 180, "texture": "#0"},
				"east": {"uv": [13, 10, 14, 13], "texture": "#0"},
				"south": {"uv": [13, 10, 14, 13], "texture": "#0"},
				"west": {"uv": [13, 10, 14, 13], "texture": "#0"},
				"up": {"uv": [14, 10, 13, 11], "rotation": 180, "texture": "#0"},
				"down": {"uv": [13, 12, 14, 13], "texture": "#0"}
			}
		},
		{
			"name": "double_plant_grass_top_17",
			"from": [-3.00227, -5.43682, 4.97],
			"to": [-0.94227, 4.86318, 7.03],
			"faces": {
				"north": {"uv": [1, 16, 2, 11], "rotation": 180, "texture": "#0"},
				"east": {"uv": [1, 11, 2, 16], "texture": "#0"},
				"south": {"uv": [1, 11, 2, 16], "texture": "#0"},
				"west": {"uv": [1, 11, 2, 16], "texture": "#0"},
				"up": {"uv": [2, 11, 1, 12], "rotation": 180, "texture": "#0"},
				"down": {"uv": [1, 15, 2, 16], "texture": "#0"}
			}
		},
		{
			"name": "double_plant_grass_top_18",
			"from": [-0.94227, -5.43682, 6.97],
			"to": [1.11773, 0.74318, 9.03],
			"faces": {
				"north": {"uv": [2, 16, 3, 13], "rotation": 180, "texture": "#0"},
				"east": {"uv": [2, 13, 3, 16], "texture": "#0"},
				"south": {"uv": [2, 13, 3, 16], "texture": "#0"},
				"west": {"uv": [2, 13, 3, 16], "texture": "#0"},
				"up": {"uv": [3, 13, 2, 14], "rotation": 180, "texture": "#0"},
				"down": {"uv": [2, 15, 3, 16], "texture": "#0"}
			}
		},
		{
			"name": "double_plant_grass_top_19",
			"from": [10.38773, -5.43682, 13.09],
			"to": [12.44773, 0.74318, 15.15],
			"faces": {
				"north": {"uv": [9, 16, 10, 13], "rotation": 180, "texture": "#0"},
				"east": {"uv": [9, 13, 10, 16], "texture": "#0"},
				"south": {"uv": [9, 13, 10, 16], "texture": "#0"},
				"west": {"uv": [9, 13, 10, 16], "texture": "#0"},
				"up": {"uv": [10, 13, 9, 14], "rotation": 180, "texture": "#0"},
				"down": {"uv": [9, 15, 10, 16], "texture": "#0"}
			}
		},
		{
			"name": "double_plant_grass_top_20",
			"from": [14.50773, -5.43682, 4.97],
			"to": [16.56773, 0.74318, 7.03],
			"faces": {
				"north": {"uv": [11, 16, 12, 13], "rotation": 180, "texture": "#0"},
				"east": {"uv": [11, 13, 12, 16], "texture": "#0"},
				"south": {"uv": [11, 13, 12, 16], "texture": "#0"},
				"west": {"uv": [11, 13, 12, 16], "texture": "#0"},
				"up": {"uv": [12, 13, 11, 14], "rotation": 180, "texture": "#0"},
				"down": {"uv": [11, 15, 12, 16], "texture": "#0"}
			}
		},
		{
			"name": "double_plant_grass_top_21",
			"from": [4.20773, -5.43682, 17.21],
			"to": [6.26773, -1.31682, 19.27],
			"faces": {
				"north": {"uv": [6, 16, 7, 14], "rotation": 180, "texture": "#0"},
				"east": {"uv": [6, 14, 7, 16], "texture": "#0"},
				"south": {"uv": [6, 14, 7, 16], "texture": "#0"},
				"west": {"uv": [6, 14, 7, 16], "texture": "#0"},
				"up": {"uv": [7, 14, 6, 15], "rotation": 180, "texture": "#0"},
				"down": {"uv": [6, 15, 7, 16], "texture": "#0"}
			}
		}
	],
	"display": {
		"firstperson_righthand": {
			"scale": [0.2, 0.2, 0.2]
		},
		"firstperson_lefthand": {
			"scale": [0.2, 0.2, 0.2]
		},
		"head": {
			"translation": [0, -6.5, 0],
			"scale": [3, 3, 3]
		}
	},
	"groups": [
		{
			"name": "double_plant_grass_top",
			"children": [0, 1, 2, 3, 4, 5, 6, 7, 8, 9, 10, 11, 12, 13, 14, 15, 16, 17, 18, 19, 20, 21]
		}
	]
}