{
	"__comment":"Designed by GeForceLegend",
	"ambientocclusion":false,
	"textures":{
		"layer0":"blocks/double_plant_fern_top",
		"particle":"blocks/double_plant_fern_top"
	},
	"elements":[
		{
			"from":[2.5,10,7.5],
			"to":[4.5,13,8.5],
			"rotation":{"angle":-45,"axis":"y","origin":[8,7,8]},
			"faces":{
				"north":{"uv":[11.0037,3,13,5.9975],"texture":"#layer0","tintindex":0},
				"east":{"uv":[11.1,3,12,3.9],"texture":"#layer0","tintindex":0},
				"south":{"uv":[13,3,11.0037,5.9975],"texture":"#layer0","tintindex":0},
				"west":{"uv":[12.1,3,13,5.9975],"texture":"#layer0","tintindex":0},
				"up":{"uv":[13,3.9,11.0037,3],"texture":"#layer0","tintindex":0},
				"down":{"uv":[11.0037,5.9,13,5],"rotation":180,"texture":"#layer0","tintindex":0}
			}
		},
		{
			"from":[7.5,10,11.5],
			"to":[8.5,13,13.5],
			"rotation":{"angle":-45,"axis":"y","origin":[8,7,8]},
			"faces":{
				"north":{"uv":[11.1,3,12,3.9],"texture":"#layer0","tintindex":0},
				"east":{"uv":[13,3,11.0037,5.9975],"texture":"#layer0","tintindex":0},
				"south":{"uv":[12.1,3,13,5.9975],"texture":"#layer0","tintindex":0},
				"west":{"uv":[11.0037,3,13,5.9975],"texture":"#layer0","tintindex":0},
				"up":{"uv":[13,3.9,11.0037,3],"rotation":270,"texture":"#layer0","tintindex":0},
				"down":{"uv":[11.0037,5.9,13,5],"rotation":270,"texture":"#layer0","tintindex":0}
			}
		},
		{
			"from":[1.5,11,7.5],
			"to":[6.5,12,8.5],
			"rotation":{"angle":-45,"axis":"y","origin":[8,7,8]},
			"faces":{
				"north":{"uv":[9.0012,4,14,4.9],"texture":"#layer0","tintindex":0},
				"east":{"uv":[9.1,4,10,4.9],"texture":"#layer0","tintindex":0},
				"south":{"uv":[14,4,9.0012,4.9],"texture":"#layer0","tintindex":0},
				"west":{"uv":[14,4.9,13.1,4],"texture":"#layer0","tintindex":0},
				"up":{"uv":[9.0012,4.9,14,4],"rotation":180,"texture":"#layer0","tintindex":0},
				"down":{"uv":[9.0012,4,14,4.9],"rotation":180,"texture":"#layer0","tintindex":0}
			}
		},
		{
			"from":[7.5,11,9.5],
			"to":[8.5,12,14.5],
			"rotation":{"angle":-45,"axis":"y","origin":[8,7,8]},
			"faces":{
				"north":{"uv":[9.1,4,10,4.9],"texture":"#layer0","tintindex":0},
				"east":{"uv":[14,4,9.0012,4.9],"texture":"#layer0","tintindex":0},
				"south":{"uv":[14,4.9,13.1,4],"texture":"#layer0","tintindex":0},
				"west":{"uv":[9.0012,4,14,4.9],"texture":"#layer0","tintindex":0},
				"up":{"uv":[9.0012,4.9,14,4],"rotation":90,"texture":"#layer0","tintindex":0},
				"down":{"uv":[9.0012,4,14,4.9],"rotation":270,"texture":"#layer0","tintindex":0}
			}
		},
		{
			"from":[4.5,10,7.5],
			"to":[7.5,11,8.5],
			"rotation":{"angle":-45,"axis":"y","origin":[8,7,8]},
			"faces":{
				"north":{"uv":[8,5,11,5.9],"texture":"#layer0","tintindex":0},
				"east":{"uv":[8,5,9,5.9],"texture":"#layer0","tintindex":0},
				"south":{"uv":[11,5,8,5.9],"texture":"#layer0","tintindex":0},
				"up":{"uv":[8,5.9,11,5],"rotation":180,"texture":"#layer0","tintindex":0}
			}
		},
		{
			"from":[7.5,10,8.5],
			"to":[8.5,11,11.5],
			"rotation":{"angle":-45,"axis":"y","origin":[8,7,8]},
			"faces":{
				"north":{"uv":[8,5,9,5.9],"texture":"#layer0","tintindex":0},
				"east":{"uv":[11,5,8,5.9],"texture":"#layer0","tintindex":0},
				"west":{"uv":[8,5,11,5.9],"texture":"#layer0","tintindex":0},
				"up":{"uv":[8,5.9,11,5],"rotation":90,"texture":"#layer0","tintindex":0}
			}
		},
		{
			"from":[2.5,3,7.5],
			"to":[10.5,6,8.5],
			"rotation":{"angle":-45,"axis":"y","origin":[8,7,8]},
			"faces":{
				"north":{"uv":[5,10.0025,13,13],"texture":"#layer0","tintindex":0},
				"east":{"uv":[5,10.1,5.9,11],"texture":"#layer0","tintindex":0},
				"south":{"uv":[13,10.0025,5,13],"texture":"#layer0","tintindex":0},
				"up":{"uv":[5,11,13,10.1],"rotation":180,"texture":"#layer0","tintindex":0},
				"down":{"uv":[5,13,13,12.1],"rotation":180,"texture":"#layer0","tintindex":0}
			}
		},
		{
			"from":[7.5,3,5.5],
			"to":[8.5,6,13.5],
			"rotation":{"angle":-45,"axis":"y","origin":[8,7,8]},
			"faces":{
				"north":{"uv":[5,10.1,5.9,11],"texture":"#layer0","tintindex":0},
				"east":{"uv":[13,10.0025,5,13],"texture":"#layer0","tintindex":0},
				"west":{"uv":[5,10.0025,13,13],"texture":"#layer0","tintindex":0},
				"up":{"uv":[5,11,13,10.1],"rotation":90,"texture":"#layer0","tintindex":0},
				"down":{"uv":[5,13,13,12.1],"rotation":270,"texture":"#layer0","tintindex":0}
			}
		},
		{
			"from":[4.5,2,7.5],
			"to":[11.5,5,8.5],
			"rotation":{"angle":-45,"axis":"y","origin":[8,7,8]},
			"faces":{
				"north":{"uv":[4,11.0037,11,14],"texture":"#layer0","tintindex":0},
				"east":{"uv":[4,11.0037,4.9,14],"texture":"#layer0","tintindex":0},
				"south":{"uv":[11,11.0037,4,14],"texture":"#layer0","tintindex":0},
				"west":{"uv":[11,14,10.1,13.1],"texture":"#layer0","tintindex":0},
				"up":{"uv":[4,12,11,11.1],"rotation":180,"texture":"#layer0","tintindex":0}
			}
		},
		{
			"from":[7.5,2,4.5],
			"to":[8.5,5,11.5],
			"rotation":{"angle":-45,"axis":"y","origin":[8,7,8]},
			"faces":{
				"north":{"uv":[4,11.0037,4.9,14],"texture":"#layer0","tintindex":0},
				"east":{"uv":[11,11.0037,4,14],"texture":"#layer0","tintindex":0},
				"south":{"uv":[11,14,10.1,13.1],"texture":"#layer0","tintindex":0},
				"west":{"uv":[4,11.0037,11,14],"texture":"#layer0","tintindex":0},
				"up":{"uv":[4,12,11,11.1],"rotation":90,"texture":"#layer0","tintindex":0}
			}
		},
		{
			"from":[8.5,10,7.5],
			"to":[11.5,11,8.5],
			"rotation":{"angle":-45,"axis":"y","origin":[8,7,8]},
			"faces":{
				"north":{"uv":[4,5,6.9988,5.9],"texture":"#layer0","tintindex":0},
				"east":{"uv":[4,5,4.9,5.9],"texture":"#layer0","tintindex":0},
				"south":{"uv":[6.9988,5,4,5.9],"texture":"#layer0","tintindex":0},
				"west":{"uv":[6.9,5,6,5.9],"texture":"#layer0","tintindex":0},
				"up":{"uv":[4,5.9,6.9988,5],"rotation":180,"texture":"#layer0","tintindex":0}
			}
		},
		{
			"from":[7.5,10,4.5],
			"to":[8.5,11,7.5],
			"rotation":{"angle":-45,"axis":"y","origin":[8,7,8]},
			"faces":{
				"north":{"uv":[4,5,4.9,5.9],"texture":"#layer0","tintindex":0},
				"east":{"uv":[6.9988,5,4,5.9],"texture":"#layer0","tintindex":0},
				"south":{"uv":[6.9,5,6,5.9],"texture":"#layer0","tintindex":0},
				"west":{"uv":[4,5,6.9988,5.9],"texture":"#layer0","tintindex":0},
				"up":{"uv":[4,5.9,6.9988,5],"rotation":90,"texture":"#layer0","tintindex":0}
			}
		},
		{
			"from":[11.5,4,7.5],
			"to":[12.5,7,8.5],
			"rotation":{"angle":-45,"axis":"y","origin":[8,7,8]},
			"faces":{
				"north":{"uv":[3,9.0012,3.9,12],"texture":"#layer0","tintindex":0},
				"east":{"uv":[3,9.0012,3.9,12],"texture":"#layer0","tintindex":0},
				"south":{"uv":[3,9.0012,3.9,12],"texture":"#layer0","tintindex":0},
				"west":{"uv":[3,9.0012,3.9,12],"texture":"#layer0","tintindex":0},
				"up":{"uv":[3,9.1,3.9,10],"rotation":270,"texture":"#layer0","tintindex":0},
				"down":{"uv":[3,11.1,3.9,12],"rotation":90,"texture":"#layer0","tintindex":0}
			}
		},
		{
			"from":[7.5,4,3.5],
			"to":[8.5,7,4.5],
			"rotation":{"angle":-45,"axis":"y","origin":[8,7,8]},
			"faces":{
				"north":{"uv":[3,9.0012,3.9,12],"texture":"#layer0","tintindex":0},
				"east":{"uv":[3,9.0012,3.9,12],"texture":"#layer0","tintindex":0},
				"south":{"uv":[3,9.0012,3.9,12],"texture":"#layer0","tintindex":0},
				"west":{"uv":[3,9.0012,3.9,12],"texture":"#layer0","tintindex":0},
				"up":{"uv":[3,9.1,3.9,10],"rotation":180,"texture":"#layer0","tintindex":0},
				"down":{"uv":[3,11.1,3.9,12],"rotation":180,"texture":"#layer0","tintindex":0}
			}
		},
		{
			"from":[3.5,6,7.5],
			"to":[11.5,9,8.5],
			"rotation":{"angle":-45,"axis":"y","origin":[8,7,8]},
			"faces":{
				"north":{"uv":[4,7,12,10],"texture":"#layer0","tintindex":0},
				"east":{"uv":[4,7,4.9,10],"texture":"#layer0","tintindex":0},
				"south":{"uv":[12,7,4,10],"texture":"#layer0","tintindex":0},
				"west":{"uv":[12,7,11.1,10],"texture":"#layer0","tintindex":0},
				"up":{"uv":[4,7,12,8],"rotation":180,"texture":"#layer0","tintindex":0},
				"down":{"uv":[4,9.1,12,10],"rotation":180,"texture":"#layer0","tintindex":0}
			}
		},
		{
			"from":[7.5,6,4.5],
			"to":[8.5,9,12.5],
			"rotation":{"angle":-45,"axis":"y","origin":[8,7,8]},
			"faces":{
				"north":{"uv":[4,7,4.9,10],"texture":"#layer0","tintindex":0},
				"east":{"uv":[12,7,4,10],"texture":"#layer0","tintindex":0},
				"south":{"uv":[12,7,11.1,10],"texture":"#layer0","tintindex":0},
				"west":{"uv":[4,7,12,10],"texture":"#layer0","tintindex":0},
				"up":{"uv":[4,7,12,8],"rotation":90,"texture":"#layer0","tintindex":0},
				"down":{"uv":[4,9.1,12,10],"rotation":270,"texture":"#layer0","tintindex":0}
			}
		},
		{
			"from":[4.5,8,7.5],
			"to":[12.5,10,8.5],
			"rotation":{"angle":-45,"axis":"y","origin":[8,7,8]},
			"faces":{
				"north":{"uv":[3,6,11,8],"texture":"#layer0","tintindex":0},
				"east":{"uv":[3,6,3.9,8],"texture":"#layer0","tintindex":0},
				"south":{"uv":[11,6,3,8],"texture":"#layer0","tintindex":0},
				"west":{"uv":[11,6,10.1,8],"texture":"#layer0","tintindex":0},
				"up":{"uv":[3,6.9,11,6],"rotation":180,"texture":"#layer0","tintindex":0},
				"down":{"uv":[3,7,11,8],"rotation":180,"texture":"#layer0","tintindex":0}
			}
		},
		{
			"from":[7.5,8,3.5],
			"to":[8.5,10,11.5],
			"rotation":{"angle":-45,"axis":"y","origin":[8,7,8]},
			"faces":{
				"north":{"uv":[3,6,3.9,8],"texture":"#layer0","tintindex":0},
				"east":{"uv":[11,6,3,8],"texture":"#layer0","tintindex":0},
				"south":{"uv":[11,6,10.1,8],"texture":"#layer0","tintindex":0},
				"west":{"uv":[3,6,11,8],"texture":"#layer0","tintindex":0},
				"up":{"uv":[3,6.9,11,6],"rotation":90,"texture":"#layer0","tintindex":0},
				"down":{"uv":[3,7,11,8],"rotation":270,"texture":"#layer0","tintindex":0}
			}
		},
		{
			"from":[9.5,11,7.5],
			"to":[12.5,12,8.5],
			"rotation":{"angle":-45,"axis":"y","origin":[8,7,8]},
			"faces":{
				"north":{"uv":[3,4,5.9975,4.9],"texture":"#layer0","tintindex":0},
				"east":{"uv":[3,4,3.9,4.9],"texture":"#layer0","tintindex":0},
				"south":{"uv":[5.9975,4,3,4.9],"texture":"#layer0","tintindex":0},
				"west":{"uv":[5.9,4,5,4.9],"texture":"#layer0","tintindex":0},
				"up":{"uv":[3,4.9,5.9975,4],"rotation":180,"texture":"#layer0","tintindex":0},
				"down":{"uv":[3,4,5.9975,4.9],"rotation":180,"texture":"#layer0","tintindex":0}
			}
		},
		{
			"from":[7.5,11,3.5],
			"to":[8.5,12,6.5],
			"rotation":{"angle":-45,"axis":"y","origin":[8,7,8]},
			"faces":{
				"north":{"uv":[3,4,3.9,4.9],"texture":"#layer0","tintindex":0},
				"east":{"uv":[5.9975,4,3,4.9],"texture":"#layer0","tintindex":0},
				"south":{"uv":[5.9,4,5,4.9],"texture":"#layer0","tintindex":0},
				"west":{"uv":[3,4,5.9975,4.9],"texture":"#layer0","tintindex":0},
				"up":{"uv":[3,4.9,5.9975,4],"rotation":90,"texture":"#layer0","tintindex":0},
				"down":{"uv":[3,4,5.9975,4.9],"rotation":270,"texture":"#layer0","tintindex":0}
			}
		},
		{
			"from":[12.5,7,7.5],
			"to":[13.5,9,8.5],
			"rotation":{"angle":-45,"axis":"y","origin":[8,7,8]},
			"faces":{
				"north":{"uv":[2,7,2.9,9],"texture":"#layer0","tintindex":0},
				"east":{"uv":[2,7,2.9,9],"texture":"#layer0","tintindex":0},
				"south":{"uv":[2,7,2.9,9],"texture":"#layer0","tintindex":0},
				"west":{"uv":[2,7,2.9,9],"texture":"#layer0","tintindex":0},
				"up":{"uv":[2,7,2.9,8],"rotation":270,"texture":"#layer0","tintindex":0},
				"down":{"uv":[2,8,2.9,9],"rotation":90,"texture":"#layer0","tintindex":0}
			}
		},
		{
			"from":[7.5,7,2.5],
			"to":[8.5,9,3.5],
			"rotation":{"angle":-45,"axis":"y","origin":[8,7,8]},
			"faces":{
				"north":{"uv":[2,7,2.9,9],"texture":"#layer0","tintindex":0},
				"east":{"uv":[2,7,2.9,9],"texture":"#layer0","tintindex":0},
				"south":{"uv":[2,7,2.9,9],"texture":"#layer0","tintindex":0},
				"west":{"uv":[2,7,2.9,9],"texture":"#layer0","tintindex":0},
				"up":{"uv":[2,7,2.9,8],"rotation":180,"texture":"#layer0","tintindex":0},
				"down":{"uv":[2,8,2.9,9],"rotation":180,"texture":"#layer0","tintindex":0}
			}
		},
		{
			"from":[10.5,12,7.5],
			"to":[13.5,13,8.5],
			"rotation":{"angle":-45,"axis":"y","origin":[8,7,8]},
			"faces":{
				"north":{"uv":[2,3,4.9963,3.9],"texture":"#layer0","tintindex":0},
				"east":{"uv":[2,3,2.9,3.9],"texture":"#layer0","tintindex":0},
				"south":{"uv":[4.9963,3,2,3.9],"texture":"#layer0","tintindex":0},
				"west":{"uv":[4.9,3.9,4,3],"texture":"#layer0","tintindex":0},
				"up":{"uv":[2,3.9,4.9963,3],"rotation":180,"texture":"#layer0","tintindex":0},
				"down":{"uv":[2,3,4.9963,3.9],"rotation":180,"texture":"#layer0","tintindex":0}
			}
		},
		{
			"from":[7.5,12,2.5],
			"to":[8.5,13,5.5],
			"rotation":{"angle":-45,"axis":"y","origin":[8,7,8]},
			"faces":{
				"north":{"uv":[2,3,2.9,3.9],"texture":"#layer0","tintindex":0},
				"east":{"uv":[4.9963,3,2,3.9],"texture":"#layer0","tintindex":0},
				"south":{"uv":[4.9,3.9,4,3],"texture":"#layer0","tintindex":0},
				"west":{"uv":[2,3,4.9963,3.9],"texture":"#layer0","tintindex":0},
				"up":{"uv":[2,3.9,4.9963,3],"rotation":90,"texture":"#layer0","tintindex":0},
				"down":{"uv":[2,3,4.9963,3.9],"rotation":270,"texture":"#layer0","tintindex":0}
			}
		},
		{
			"from":[3.5,1,7.5],
			"to":[14.5,2,8.5],
			"rotation":{"angle":-45,"axis":"y","origin":[8,7,8]},
			"faces":{
				"north":{"uv":[1,14.1,12,15],"texture":"#layer0","tintindex":0},
				"east":{"uv":[1,14.1,1.9,15],"texture":"#layer0","tintindex":0},
				"south":{"uv":[12,14.1,1,15],"texture":"#layer0","tintindex":0},
				"up":{"uv":[1,15,12,14.1],"rotation":180,"texture":"#layer0","tintindex":0}
			}
		},
		{
			"from":[7.5,1,1.5],
			"to":[8.5,2,12.5],
			"rotation":{"angle":-45,"axis":"y","origin":[8,7,8]},
			"faces":{
				"north":{"uv":[1,14.1,1.9,15],"texture":"#layer0","tintindex":0},
				"east":{"uv":[12,14.1,1,15],"texture":"#layer0","tintindex":0},
				"west":{"uv":[1,14.1,12,15],"texture":"#layer0","tintindex":0},
				"up":{"uv":[1,15,12,14.1],"rotation":90,"texture":"#layer0","tintindex":0}
			}
		},
		{
			"from":[0.5,0,7.5],
			"to":[15.5,1,8.5],
			"rotation":{"angle":-45,"axis":"y","origin":[8,7,8]},
			"faces":{
				"north":{"uv":[0,15.1,15,16],"texture":"#layer0","tintindex":0},
				"east":{"uv":[0,15.1,0.9,16],"texture":"#layer0","tintindex":0},
				"south":{"uv":[15,15.1,0,16],"texture":"#layer0","tintindex":0},
				"west":{"uv":[14.1,15.1,15,16],"texture":"#layer0","tintindex":0},
				"up":{"uv":[0,16,15,15.1],"rotation":180,"texture":"#layer0","tintindex":0},
				"down":{"uv":[0,15.1,15,16],"rotation":180,"texture":"#layer0","tintindex":0}
			}
		},
		{
			"from":[7.5,0,0.5],
			"to":[8.5,1,15.5],
			"rotation":{"angle":-45,"axis":"y","origin":[8,7,8]},
			"faces":{
				"north":{"uv":[0,15.1,0.9,16],"texture":"#layer0","tintindex":0},
				"east":{"uv":[15,15.1,0,16],"texture":"#layer0","tintindex":0},
				"south":{"uv":[14.1,15.1,15,16],"texture":"#layer0","tintindex":0},
				"west":{"uv":[0,15.1,15,16],"texture":"#layer0","tintindex":0},
				"up":{"uv":[0,16,15,15.1],"rotation":90,"texture":"#layer0","tintindex":0},
				"down":{"uv":[0,15.1,15,16],"rotation":270,"texture":"#layer0","tintindex":0}
			}
		},
		{
			"from":[12.5,2,7.5],
			"to":[15.5,3,8.5],
			"rotation":{"angle":-45,"axis":"y","origin":[8,7,8]},
			"faces":{
				"north":{"uv":[0,13.1,2.9937,14],"texture":"#layer0","tintindex":0},
				"east":{"uv":[0,13.1,0.9,14],"texture":"#layer0","tintindex":0},
				"south":{"uv":[2.9937,13.1,0,14],"texture":"#layer0","tintindex":0},
				"west":{"uv":[2,13.1,2.9,14],"texture":"#layer0","tintindex":0},
				"up":{"uv":[0,14,2.9937,13.1],"rotation":180,"texture":"#layer0","tintindex":0},
				"down":{"uv":[0,13.1,2.9937,14],"rotation":180,"texture":"#layer0","tintindex":0}
			}
		},
		{
			"from":[7.5,2,0.5],
			"to":[8.5,3,3.5],
			"rotation":{"angle":-45,"axis":"y","origin":[8,7,8]},
			"faces":{
				"north":{"uv":[0,13.1,0.9,14],"texture":"#layer0","tintindex":0},
				"east":{"uv":[2.9937,13.1,0,14],"texture":"#layer0","tintindex":0},
				"south":{"uv":[2,13.1,2.9,14],"texture":"#layer0","tintindex":0},
				"west":{"uv":[0,13.1,2.9937,14],"texture":"#layer0","tintindex":0},
				"up":{"uv":[0,14,2.9937,13.1],"rotation":90,"texture":"#layer0","tintindex":0},
				"down":{"uv":[0,13.1,2.9937,14],"rotation":270,"texture":"#layer0","tintindex":0}
			}
		},
		{
			"from":[2.5,1,7.5],
			"to":[3.5,6,8.5],
			"rotation":{"angle":-45,"axis":"y","origin":[8,7,8]},
			"faces":{
				"north":{"uv":[12.1,10.0025,13,15],"texture":"#layer0","tintindex":0},
				"east":{"uv":[12.1,10.0025,13,15],"texture":"#layer0","tintindex":0},
				"south":{"uv":[12.1,10.0025,13,15],"texture":"#layer0","tintindex":0},
				"west":{"uv":[12.1,10.0025,13,15],"texture":"#layer0","tintindex":0}
			}
		},
		{
			"from":[7.5,1,12.5],
			"to":[8.5,6,13.5],
			"rotation":{"angle":-45,"axis":"y","origin":[8,7,8]},
			"faces":{
				"north":{"uv":[12.1,10.0025,13,15],"texture":"#layer0","tintindex":0},
				"east":{"uv":[12.1,10.0025,13,15],"texture":"#layer0","tintindex":0},
				"south":{"uv":[12.1,10.0025,13,15],"texture":"#layer0","tintindex":0},
				"west":{"uv":[12.1,10.0025,13,15],"texture":"#layer0","tintindex":0}
			}
		}
	]
}