{
	"__comment": "Build by Seven_chad QQ2683781546",
	"textures": {
		"particle": "items/particle",
		"texture": "items/texture",
		"voxels_atlas": "items/image1"
	},
	"elements": [ 	 
		{
			"__comment": "Voxels",
			"from": [ -13, 0.5, -10.75 ],
			"to": [ 30.5, 32, -10.5 ],
			"faces": {
				"down": { "uv": [ 0, 0.1875, 10.875, 0.25 ], "texture": "#voxels_atlas" },
				"up": { "uv": [ 0, 0.1875, 10.875, 0.125 ], "texture": "#voxels_atlas" },
				"north": { "uv": [ 10.875, 8.125, 0, 16 ], "texture": "#voxels_atlas" },
				"south": { "uv": [ 0, 0.25, 10.875, 8.125 ], "texture": "#voxels_atlas" },
				"west": { "uv": [ 10.875, 8.125, 10.9375, 16 ], "texture": "#voxels_atlas" },
				"east": { "uv": [ 11, 8.125, 10.9375, 16 ], "texture": "#voxels_atlas" }
			}
		}
	],
	"display": {
		"gui": {
			"translation":  [ 68.9, 18.9, 1.172 ],
			"scale":  [ 4, 4, 1 ]
		}
	}
}